,xmin,ymin,xmax,ymax
0,4500,1500,14100,11100
1,2400,8400,12000,18000
2,6600,2400,16200,12000
3,5400,3600,15000,13200
4,3300,7200,12900,16800
5,2100,7800,11700,17400
6,9300,5400,18900,15000
7,3300,6600,12900,16200
8,6300,8100,15900,17700
9,9300,3600,18900,13200
10,7800,3000,17400,12600
11,6000,6600,15600,16200
12,900,7800,10500,17400
13,1200,4200,10800,13800
14,900,8700,10500,18300
15,1500,8700,11100,18300
16,7200,300,16800,9900
17,1200,6600,10800,16200
18,1800,0,11400,9600
19,9300,2100,18900,11700
20,5700,2700,15300,12300
21,9300,6300,18900,15900
22,600,6000,10200,15600
23,4800,5400,14400,15000
24,3600,300,13200,9900
25,1200,3000,10800,12600
26,7800,3900,17400,13500
27,4500,0,14100,9600
28,2400,3300,12000,12900
29,4500,7800,14100,17400
30,2400,7200,12000,16800
31,5100,0,14700,9600
32,6600,300,16200,9900
33,2700,3900,12300,13500
34,7800,7500,17400,17100
35,5700,5400,15300,15000
36,9600,7500,19200,17100
37,9600,7800,19200,17400
38,7800,1800,17400,11400
39,2400,6900,12000,16500
40,3600,4800,13200,14400
41,3000,6000,12600,15600
42,2700,3000,12300,12600
43,1800,4800,11400,14400
44,6600,1500,16200,11100
45,1800,5100,11400,14700
46,5700,7200,15300,16800
47,5400,2100,15000,11700
48,300,8400,9900,18000
49,1200,1200,10800,10800
50,5100,3000,14700,12600
51,1800,9000,11400,18600
52,5400,9600,15000,19200
53,6000,7800,15600,17400
54,7800,3900,17400,13500
55,6900,7800,16500,17400
56,6600,2700,16200,12300
57,3000,5400,12600,15000
58,2400,6900,12000,16500
59,7800,600,17400,10200
60,8100,1200,17700,10800
61,9600,9600,19200,19200
62,4800,3300,14400,12900
63,6300,7800,15900,17400
64,8700,9600,18300,19200
65,4800,7500,14400,17100
66,1800,9300,11400,18900
67,3000,6900,12600,16500
68,5100,5700,14700,15300
69,4500,1500,14100,11100
70,9000,9300,18600,18900
71,3900,8100,13500,17700
72,7800,900,17400,10500
73,6000,6000,15600,15600
74,6600,8100,16200,17700
75,8100,900,17700,10500
76,0,8700,9600,18300
77,8400,8100,18000,17700
78,3300,6000,12900,15600
79,2700,5100,12300,14700
80,2100,5700,11700,15300
81,5400,900,15000,10500
82,300,4800,9900,14400
83,4500,900,14100,10500
84,8100,300,17700,9900
85,9600,9600,19200,19200
86,2700,7200,12300,16800
87,4200,8100,13800,17700
88,9000,4500,18600,14100
89,9300,1200,18900,10800
90,9600,8700,19200,18300
91,4800,6300,14400,15900
92,6300,600,15900,10200
93,6300,3900,15900,13500
94,5700,6600,15300,16200
95,8400,4800,18000,14400
96,2400,8400,12000,18000
97,6600,4200,16200,13800
98,7200,9300,16800,18900
99,3300,3600,12900,13200
100,300,9000,9900,18600
101,1500,6000,11100,15600
102,2100,4200,11700,13800
103,4800,6300,14400,15900
104,8400,2700,18000,12300
105,4500,8700,14100,18300
106,5100,900,14700,10500
107,9300,6600,18900,16200
108,4800,5700,14400,15300
109,6600,8400,16200,18000
110,5700,300,15300,9900
111,9300,2100,18900,11700
112,5100,3900,14700,13500
113,2400,8100,12000,17700
114,2700,7500,12300,17100
115,6300,7500,15900,17100
116,5700,4800,15300,14400
117,7800,5700,17400,15300
118,5700,9600,15300,19200
119,2400,8400,12000,18000
120,4200,900,13800,10500
121,8100,2700,17700,12300
122,900,900,10500,10500
123,4500,6000,14100,15600
124,600,7500,10200,17100
125,6600,7800,16200,17400
126,1500,6000,11100,15600
127,1500,3900,11100,13500
128,5400,8100,15000,17700
129,8700,1200,18300,10800
130,3600,7800,13200,17400
131,8400,7500,18000,17100
132,1800,5100,11400,14700
133,1500,300,11100,9900
134,4800,5700,14400,15300
135,1500,3600,11100,13200
136,7800,4800,17400,14400
137,5700,8400,15300,18000
138,7500,5100,17100,14700
139,4500,1200,14100,10800
140,6300,8400,15900,18000
141,5400,6600,15000,16200
142,6600,3300,16200,12900
143,8700,7500,18300,17100
144,4200,7800,13800,17400
145,0,1200,9600,10800
146,1500,1200,11100,10800
147,6900,4500,16500,14100
148,2100,7200,11700,16800
149,9600,2400,19200,12000
150,5400,4200,15000,13800
151,8700,900,18300,10500
152,4500,3900,14100,13500
153,8400,1800,18000,11400
154,6000,2100,15600,11700
155,7800,4800,17400,14400
156,4800,2100,14400,11700
157,1800,6000,11400,15600
158,7200,1200,16800,10800
159,1800,3300,11400,12900
160,6300,5400,15900,15000
161,6300,7500,15900,17100
162,5700,9600,15300,19200
163,1200,3000,10800,12600
164,3600,7800,13200,17400
165,4500,3600,14100,13200
166,6300,8400,15900,18000
167,300,9600,9900,19200
168,8400,3900,18000,13500
169,6900,6000,16500,15600
170,5100,7200,14700,16800
171,5400,4500,15000,14100
172,8400,8100,18000,17700
173,8100,4200,17700,13800
174,3000,7800,12600,17400
175,7800,6900,17400,16500
176,600,4500,10200,14100
177,9600,6900,19200,16500
178,6300,2100,15900,11700
179,3600,4200,13200,13800
180,5700,6000,15300,15600
181,5400,1800,15000,11400
182,2400,6000,12000,15600
183,3300,2100,12900,11700
184,6900,4800,16500,14400
185,8100,8700,17700,18300
186,4800,4800,14400,14400
187,1200,9000,10800,18600
188,3600,6300,13200,15900
189,6900,4800,16500,14400
190,5700,6600,15300,16200
191,9300,8100,18900,17700
192,5100,2100,14700,11700
193,7500,8100,17100,17700
194,2700,4800,12300,14400
195,0,2400,9600,12000
196,2400,6000,12000,15600
197,3000,8100,12600,17700
198,2400,2700,12000,12300
199,4200,9300,13800,18900
200,4500,5400,14100,15000
201,1800,2400,11400,12000
202,9300,2400,18900,12000
203,8700,5700,18300,15300
204,3900,4500,13500,14100
205,3600,4800,13200,14400
206,5700,7800,15300,17400
207,600,3600,10200,13200
208,9300,3600,18900,13200
209,7800,3900,17400,13500
210,3000,600,12600,10200
211,8100,6000,17700,15600
212,900,0,10500,9600
213,8700,6600,18300,16200
214,0,6000,9600,15600
215,1500,2400,11100,12000
216,3000,4200,12600,13800
217,3300,1500,12900,11100
218,9000,9000,18600,18600
219,5100,2100,14700,11700
220,5400,6600,15000,16200
221,300,8400,9900,18000
222,6600,7800,16200,17400
223,4200,5100,13800,14700
224,6600,6900,16200,16500
225,8700,6900,18300,16500
226,5700,6300,15300,15900
227,0,3000,9600,12600
228,9000,8700,18600,18300
229,3300,3600,12900,13200
230,6300,8100,15900,17700
231,6300,6900,15900,16500
232,8100,3300,17700,12900
233,5700,4500,15300,14100
234,2700,4800,12300,14400
235,5100,3300,14700,12900
236,4500,2400,14100,12000
237,3000,8700,12600,18300
238,1200,3900,10800,13500
239,3900,6300,13500,15900
240,9000,7800,18600,17400
241,5400,8400,15000,18000
242,1800,1800,11400,11400
243,6900,2400,16500,12000
244,6300,7200,15900,16800
245,7800,5700,17400,15300
246,4800,6900,14400,16500
247,5100,1500,14700,11100
248,1800,9600,11400,19200
249,8700,3900,18300,13500
250,6600,7500,16200,17100
251,0,9600,9600,19200
252,6600,6300,16200,15900
253,7800,3600,17400,13200
254,0,6300,9600,15900
255,1200,2700,10800,12300
256,6900,1500,16500,11100
257,8400,8700,18000,18300
258,4800,3900,14400,13500
259,2700,8400,12300,18000
260,4800,6600,14400,16200
261,2100,3600,11700,13200
262,0,7800,9600,17400
263,7200,7200,16800,16800
264,3300,3600,12900,13200
265,4800,4500,14400,14100
266,6900,2700,16500,12300
267,7200,900,16800,10500
268,7500,300,17100,9900
269,600,4200,10200,13800
270,2100,2100,11700,11700
271,2700,3600,12300,13200
272,3000,1200,12600,10800
273,5700,4500,15300,14100
274,3600,5700,13200,15300
275,9300,5400,18900,15000
276,1200,4500,10800,14100
277,0,9600,9600,19200
278,9300,6600,18900,16200
279,7800,5400,17400,15000
280,3000,1200,12600,10800
281,4200,300,13800,9900
282,4200,2100,13800,11700
283,1500,2700,11100,12300
284,4800,7800,14400,17400
285,8100,5100,17700,14700
286,1500,7800,11100,17400
287,9600,8100,19200,17700
288,2700,1800,12300,11400
289,2400,5400,12000,15000
290,4200,2400,13800,12000
291,3600,5100,13200,14700
292,8100,6300,17700,15900
293,8700,7200,18300,16800
294,2700,4800,12300,14400
295,3600,4500,13200,14100
296,5100,3300,14700,12900
297,600,7200,10200,16800
298,6600,6600,16200,16200
299,9000,9000,18600,18600
300,3300,9600,12900,19200
301,7200,8100,16800,17700
302,4500,6900,14100,16500
303,5700,3900,15300,13500
304,8100,7500,17700,17100
305,7500,2400,17100,12000
306,2400,9300,12000,18900
307,9600,3300,19200,12900
308,9600,5400,19200,15000
309,8100,5100,17700,14700
310,1200,6300,10800,15900
311,3600,5700,13200,15300
312,6900,3600,16500,13200
313,1500,9300,11100,18900
314,7500,5400,17100,15000
315,9000,6900,18600,16500
316,7800,4800,17400,14400
317,6600,3900,16200,13500
318,9600,6300,19200,15900
319,8100,1200,17700,10800
320,7200,2100,16800,11700
321,7800,8100,17400,17700
322,8400,300,18000,9900
323,9300,3300,18900,12900
324,9600,7500,19200,17100
325,1500,2100,11100,11700
326,2100,5400,11700,15000
327,9300,5100,18900,14700
328,1800,6900,11400,16500
329,2700,4200,12300,13800
330,5700,6600,15300,16200
331,4800,3300,14400,12900
332,6000,2700,15600,12300
333,2700,3000,12300,12600
334,8100,2400,17700,12000
335,4800,300,14400,9900
336,3000,7500,12600,17100
337,9300,7200,18900,16800
338,3600,9000,13200,18600
339,2700,2100,12300,11700
340,6000,3000,15600,12600
341,6600,4800,16200,14400
342,1500,5100,11100,14700
343,2700,6000,12300,15600
344,6300,9300,15900,18900
345,8400,6000,18000,15600
346,5400,6000,15000,15600
347,9600,8100,19200,17700
348,2700,3900,12300,13500
349,600,600,10200,10200
350,300,1200,9900,10800
351,5100,300,14700,9900
352,7500,3300,17100,12900
353,7500,9300,17100,18900
354,600,2700,10200,12300
355,2400,4200,12000,13800
356,600,8700,10200,18300
357,5400,6300,15000,15900
358,6600,1500,16200,11100
359,1500,300,11100,9900
360,9600,7500,19200,17100
361,6300,3900,15900,13500
362,4500,9600,14100,19200
363,3000,2100,12600,11700
364,900,600,10500,10200
365,3000,1800,12600,11400
366,6900,900,16500,10500
367,6600,5100,16200,14700
368,9300,6000,18900,15600
369,2100,1200,11700,10800
370,9600,3300,19200,12900
371,4500,3600,14100,13200
372,5100,8400,14700,18000
373,3300,9600,12900,19200
374,8100,3900,17700,13500
375,1800,6900,11400,16500
376,5100,3300,14700,12900
377,9300,6300,18900,15900
378,1800,9600,11400,19200
379,1500,5700,11100,15300
380,3600,3000,13200,12600
381,1500,9000,11100,18600
382,9000,3000,18600,12600
383,7200,4200,16800,13800
384,2700,5100,12300,14700
385,7500,2400,17100,12000
386,1500,7500,11100,17100
387,3600,3900,13200,13500
388,8700,4500,18300,14100
389,0,900,9600,10500
390,900,7800,10500,17400
391,1500,4200,11100,13800
392,2100,5700,11700,15300
393,600,3000,10200,12600
394,0,2700,9600,12300
395,8700,2400,18300,12000
396,3900,8400,13500,18000
397,4200,7800,13800,17400
398,3600,6600,13200,16200
399,2400,8100,12000,17700
400,9000,9000,18600,18600
401,300,2400,9900,12000
402,6600,4200,16200,13800
403,1800,9300,11400,18900
404,3900,7200,13500,16800
405,600,6900,10200,16500
406,600,900,10200,10500
407,900,5700,10500,15300
408,9000,1500,18600,11100
409,3000,1800,12600,11400
410,6900,7800,16500,17400
411,5700,4500,15300,14100
412,4800,3900,14400,13500
413,4200,600,13800,10200
414,8400,8400,18000,18000
415,5100,3300,14700,12900
416,1500,6900,11100,16500
417,5400,4500,15000,14100
418,600,3300,10200,12900
419,9600,5100,19200,14700
420,3300,4200,12900,13800
421,1500,3300,11100,12900
422,2400,3000,12000,12600
423,2400,5100,12000,14700
424,4800,3000,14400,12600
425,8700,8100,18300,17700
426,8400,2400,18000,12000
427,6600,4800,16200,14400
428,6300,2700,15900,12300
429,1800,8400,11400,18000
430,4200,0,13800,9600
431,3300,1200,12900,10800
432,4800,3600,14400,13200
433,3600,5100,13200,14700
434,7200,1200,16800,10800
435,8400,300,18000,9900
436,7800,5400,17400,15000
437,3600,7200,13200,16800
438,9300,2100,18900,11700
439,7200,9000,16800,18600
440,7200,5700,16800,15300
441,1800,8700,11400,18300
442,6300,1200,15900,10800
443,4500,4800,14100,14400
444,6000,5700,15600,15300
445,3600,600,13200,10200
446,5400,900,15000,10500
447,2100,6900,11700,16500
448,6600,9000,16200,18600
449,7800,5400,17400,15000
450,2700,5100,12300,14700
451,900,1800,10500,11400
452,3300,5100,12900,14700
453,8700,300,18300,9900
454,8700,9000,18300,18600
455,8100,2100,17700,11700
456,3000,1800,12600,11400
457,7200,5400,16800,15000
458,7500,1200,17100,10800
459,7800,1800,17400,11400
460,6000,9300,15600,18900
461,9600,0,19200,9600
462,1200,1200,10800,10800
463,5400,6600,15000,16200
464,7800,1200,17400,10800
465,0,8400,9600,18000
466,4800,5100,14400,14700
467,3600,5100,13200,14700
468,900,300,10500,9900
469,4800,7500,14400,17100
470,600,8400,10200,18000
471,2400,8700,12000,18300
472,7500,3000,17100,12600
473,9600,8700,19200,18300
474,5400,3300,15000,12900
475,600,900,10200,10500
476,8400,3600,18000,13200
477,7200,4200,16800,13800
478,0,3600,9600,13200
479,7800,3600,17400,13200
480,300,8400,9900,18000
481,2100,5400,11700,15000
482,7200,0,16800,9600
483,4800,2100,14400,11700
484,7800,8400,17400,18000
485,8100,600,17700,10200
486,3300,2100,12900,11700
487,3900,3600,13500,13200
488,8400,5400,18000,15000
489,5400,3600,15000,13200
490,5700,6300,15300,15900
491,5700,9300,15300,18900
492,3000,7500,12600,17100
493,6300,9300,15900,18900
494,2100,3000,11700,12600
495,3600,4200,13200,13800
496,7800,6300,17400,15900
497,3600,300,13200,9900
498,6900,7500,16500,17100
499,7500,1200,17100,10800
500,1800,1200,11400,10800
501,1200,2100,10800,11700
502,8100,900,17700,10500
503,2400,3600,12000,13200
504,900,2100,10500,11700
505,1800,5700,11400,15300
506,6300,9000,15900,18600
507,300,5700,9900,15300
508,3900,4800,13500,14400
509,8700,5100,18300,14700
510,3000,3600,12600,13200
511,8400,6600,18000,16200
512,1800,8100,11400,17700
513,3300,4800,12900,14400
514,6600,4200,16200,13800
515,8400,8100,18000,17700
516,3000,5100,12600,14700
517,9000,5700,18600,15300
518,3600,4500,13200,14100
519,4800,1800,14400,11400
520,7500,6600,17100,16200
521,4800,6900,14400,16500
522,6300,3300,15900,12900
523,4500,2700,14100,12300
524,600,1500,10200,11100
525,6300,2400,15900,12000
526,6600,7800,16200,17400
527,4500,8400,14100,18000
528,5400,6000,15000,15600
529,9600,8700,19200,18300
530,3000,4800,12600,14400
531,7800,3900,17400,13500
532,6600,6300,16200,15900
533,7800,6600,17400,16200
534,6600,3000,16200,12600
535,6900,3600,16500,13200
536,2400,2400,12000,12000
537,5400,4500,15000,14100
538,2400,3900,12000,13500
539,8400,8700,18000,18300
540,8400,5400,18000,15000
541,8100,4500,17700,14100
542,4200,7500,13800,17100
543,5700,5100,15300,14700
544,2400,8100,12000,17700
545,7200,600,16800,10200
546,600,3600,10200,13200
547,9300,8700,18900,18300
548,8700,9600,18300,19200
549,8400,9300,18000,18900
550,7800,3000,17400,12600
551,3600,2400,13200,12000
552,2400,1200,12000,10800
553,3000,6600,12600,16200
554,2700,8400,12300,18000
555,8700,6600,18300,16200
556,1500,4500,11100,14100
557,6300,9000,15900,18600
558,3600,0,13200,9600
559,3900,2400,13500,12000
560,5700,3600,15300,13200
561,3000,900,12600,10500
562,3000,600,12600,10200
563,5700,2100,15300,11700
564,3900,6900,13500,16500
565,2100,8100,11700,17700
566,0,4500,9600,14100
567,9600,8100,19200,17700
568,3900,4500,13500,14100
569,7200,5100,16800,14700
570,4800,6900,14400,16500
571,6900,2100,16500,11700
572,9600,8100,19200,17700
573,300,7200,9900,16800
574,1800,9600,11400,19200
575,1500,5100,11100,14700
576,1500,7200,11100,16800
577,600,6300,10200,15900
578,2700,4800,12300,14400
579,5100,0,14700,9600
580,8400,3600,18000,13200
581,5700,9600,15300,19200
582,9000,3000,18600,12600
583,4200,9300,13800,18900
584,900,0,10500,9600
585,5700,3900,15300,13500
586,3300,300,12900,9900
587,3900,2100,13500,11700
588,1500,3900,11100,13500
589,6000,5100,15600,14700
590,3300,0,12900,9600
591,600,3600,10200,13200
592,3000,1500,12600,11100
593,3600,7800,13200,17400
594,1500,6900,11100,16500
595,9000,8100,18600,17700
596,3000,3300,12600,12900
597,1500,6000,11100,15600
598,7200,6300,16800,15900
599,3300,9300,12900,18900
600,0,3000,9600,12600
601,3300,6900,12900,16500
602,8100,6300,17700,15900
603,5100,4500,14700,14100
604,3000,8400,12600,18000
605,8100,600,17700,10200
606,1800,8400,11400,18000
607,2400,4800,12000,14400
608,1800,1200,11400,10800
609,5700,0,15300,9600
610,5700,9300,15300,18900
611,7500,2400,17100,12000
612,4800,7800,14400,17400
613,9300,5100,18900,14700
614,0,9300,9600,18900
615,5100,3300,14700,12900
616,300,2400,9900,12000
617,6600,5400,16200,15000
618,6300,2100,15900,11700
619,7500,4800,17100,14400
620,8100,9300,17700,18900
621,600,6000,10200,15600
622,3900,9600,13500,19200
623,2700,3600,12300,13200
624,600,9000,10200,18600
625,2100,6000,11700,15600
626,300,7500,9900,17100
627,8100,3600,17700,13200
628,9000,3300,18600,12900
629,5400,4500,15000,14100
630,8400,600,18000,10200
631,5400,8400,15000,18000
632,7500,0,17100,9600
633,4200,8400,13800,18000
634,6600,600,16200,10200
635,6600,2700,16200,12300
636,4800,1200,14400,10800
637,300,7200,9900,16800
638,1800,2100,11400,11700
639,7500,300,17100,9900
640,4200,0,13800,9600
641,300,7800,9900,17400
642,1800,5700,11400,15300
643,3300,5400,12900,15000
644,7800,1500,17400,11100
645,4800,3900,14400,13500
646,6900,9300,16500,18900
647,5100,600,14700,10200
648,4800,2400,14400,12000
649,8400,8100,18000,17700
650,9000,2700,18600,12300
651,6000,1500,15600,11100
652,7800,600,17400,10200
653,9600,9000,19200,18600
654,8700,9300,18300,18900
655,0,1200,9600,10800
656,8100,6000,17700,15600
657,5400,5700,15000,15300
658,8100,9000,17700,18600
659,6900,4800,16500,14400
660,1800,1500,11400,11100
661,8100,8100,17700,17700
662,8700,7800,18300,17400
663,300,6600,9900,16200
664,9600,7500,19200,17100
665,2100,4200,11700,13800
666,6600,1800,16200,11400
667,8400,6600,18000,16200
668,4500,4200,14100,13800
669,4500,9600,14100,19200
670,8400,600,18000,10200
671,3000,600,12600,10200
672,4800,5100,14400,14700
673,300,5100,9900,14700
674,4500,4500,14100,14100
675,2100,6300,11700,15900
676,6600,300,16200,9900
677,9000,6600,18600,16200
678,6900,8400,16500,18000
679,3900,5400,13500,15000
680,6000,300,15600,9900
681,7800,4800,17400,14400
682,2700,8400,12300,18000
683,1200,8100,10800,17700
684,3600,3300,13200,12900
685,2400,2700,12000,12300
686,7500,8100,17100,17700
687,3300,5100,12900,14700
688,1800,8100,11400,17700
689,0,7500,9600,17100
690,3300,5100,12900,14700
691,5400,3300,15000,12900
692,1500,6300,11100,15900
693,5700,6900,15300,16500
694,1800,6600,11400,16200
695,8700,7800,18300,17400
696,7200,7200,16800,16800
697,8700,2100,18300,11700
698,5400,9000,15000,18600
699,300,3000,9900,12600
700,6900,6900,16500,16500
701,6000,5400,15600,15000
702,3900,9600,13500,19200
703,0,1800,9600,11400
704,3000,4500,12600,14100
705,0,7200,9600,16800
706,9600,3600,19200,13200
707,9000,5700,18600,15300
708,3600,9600,13200,19200
709,600,6300,10200,15900
710,5400,3000,15000,12600
711,600,6900,10200,16500
712,9600,1200,19200,10800
713,6300,6600,15900,16200
714,9300,8400,18900,18000
715,7800,8700,17400,18300
716,2400,6300,12000,15900
717,6600,4500,16200,14100
718,7500,8700,17100,18300
719,1200,8700,10800,18300
720,0,9000,9600,18600
721,5400,3000,15000,12600
722,3900,0,13500,9600
723,3000,1200,12600,10800
724,2400,6600,12000,16200
725,6600,3300,16200,12900
726,3000,1800,12600,11400
727,6300,4200,15900,13800
728,1500,1500,11100,11100
729,9300,4500,18900,14100
730,3900,5400,13500,15000
731,6300,6300,15900,15900
732,4800,3900,14400,13500
733,8400,7500,18000,17100
734,0,5400,9600,15000
735,5700,0,15300,9600
736,2700,3300,12300,12900
737,8400,0,18000,9600
738,5700,6300,15300,15900
739,9300,3300,18900,12900
740,6900,300,16500,9900
741,8400,7500,18000,17100
742,0,3300,9600,12900
743,3300,1200,12900,10800
744,1800,5100,11400,14700
745,7800,9000,17400,18600
746,3300,9600,12900,19200
747,4200,9600,13800,19200
748,6900,6300,16500,15900
749,4800,2100,14400,11700
750,9300,3900,18900,13500
751,3300,4200,12900,13800
752,8100,300,17700,9900
753,4800,5700,14400,15300
754,2400,3000,12000,12600
755,7500,8400,17100,18000
756,9300,3000,18900,12600
757,6900,5100,16500,14700
758,300,1800,9900,11400
759,8700,5100,18300,14700
760,4500,3600,14100,13200
761,2100,7200,11700,16800
762,300,4500,9900,14100
763,6900,1500,16500,11100
764,9600,4200,19200,13800
765,3300,900,12900,10500
766,8100,600,17700,10200
767,3000,5100,12600,14700
768,900,2400,10500,12000
769,4800,6300,14400,15900
770,2400,7800,12000,17400
771,2400,6900,12000,16500
772,9000,6900,18600,16500
773,8700,3000,18300,12600
774,300,3600,9900,13200
775,8400,3300,18000,12900
776,6900,3300,16500,12900
777,4500,5400,14100,15000
778,3300,3600,12900,13200
779,2700,4800,12300,14400
780,2700,7800,12300,17400
781,9300,8700,18900,18300
782,6300,3600,15900,13200
783,3600,3600,13200,13200
784,4200,9000,13800,18600
785,7800,3300,17400,12900
786,3300,7200,12900,16800
787,3600,8100,13200,17700
788,8100,4500,17700,14100
789,8400,5400,18000,15000
790,3600,1200,13200,10800
791,300,0,9900,9600
792,6600,300,16200,9900
793,6900,3900,16500,13500
794,6300,7800,15900,17400
795,6300,3300,15900,12900
796,5100,9300,14700,18900
797,8700,3900,18300,13500
798,1200,2400,10800,12000
799,7500,3000,17100,12600
800,8400,3900,18000,13500
801,3000,3900,12600,13500
802,6300,3900,15900,13500
803,6900,3000,16500,12600
804,8100,1800,17700,11400
805,3000,1500,12600,11100
806,600,2100,10200,11700
807,6900,3300,16500,12900
808,2100,9300,11700,18900
809,1800,3000,11400,12600
810,8400,9000,18000,18600
811,4800,0,14400,9600
812,8100,6000,17700,15600
813,1200,6600,10800,16200
814,6900,6000,16500,15600
815,3300,8100,12900,17700
816,2700,6600,12300,16200
817,4200,6000,13800,15600
818,600,6900,10200,16500
819,5700,6600,15300,16200
820,7500,8700,17100,18300
821,2400,3000,12000,12600
822,7500,1500,17100,11100
823,2100,2400,11700,12000
824,900,8700,10500,18300
825,2100,9600,11700,19200
826,7500,6000,17100,15600
827,300,6000,9900,15600
828,9600,2700,19200,12300
829,9000,900,18600,10500
830,4500,2100,14100,11700
831,6000,9000,15600,18600
832,1500,6300,11100,15900
833,5400,300,15000,9900
834,3000,600,12600,10200
835,1200,6300,10800,15900
836,7200,2400,16800,12000
837,900,2400,10500,12000
838,9000,3000,18600,12600
839,4500,6300,14100,15900
840,8400,7800,18000,17400
841,4800,9600,14400,19200
842,3900,6900,13500,16500
843,1200,4200,10800,13800
844,7500,900,17100,10500
845,8100,0,17700,9600
846,5400,5400,15000,15000
847,8700,9300,18300,18900
848,9600,9000,19200,18600
849,2400,9600,12000,19200
850,300,3900,9900,13500
851,5100,2100,14700,11700
852,1800,6900,11400,16500
853,9600,6000,19200,15600
854,3900,9600,13500,19200
855,300,3300,9900,12900
856,1200,7800,10800,17400
857,2700,8400,12300,18000
858,7500,5100,17100,14700
859,8100,5400,17700,15000
860,8400,600,18000,10200
861,1200,2100,10800,11700
862,2100,2400,11700,12000
863,2700,8400,12300,18000
864,6900,2700,16500,12300
865,7800,5700,17400,15300
866,3300,2100,12900,11700
867,300,3000,9900,12600
868,8400,9300,18000,18900
869,9300,6300,18900,15900
870,4500,7200,14100,16800
871,9600,2700,19200,12300
872,9000,8400,18600,18000
873,600,900,10200,10500
874,8700,0,18300,9600
875,6900,8100,16500,17700
876,6300,8400,15900,18000
877,8400,7500,18000,17100
878,9600,7200,19200,16800
879,1800,1500,11400,11100
880,6300,8100,15900,17700
881,3900,2100,13500,11700
882,300,1500,9900,11100
883,900,0,10500,9600
884,900,8400,10500,18000
885,3000,5400,12600,15000
886,9300,7500,18900,17100
887,1500,8700,11100,18300
888,6300,3600,15900,13200
889,3300,5100,12900,14700
890,2100,7500,11700,17100
891,9000,2100,18600,11700
892,1500,9300,11100,18900
893,7200,7500,16800,17100
894,2400,8100,12000,17700
895,4200,300,13800,9900
896,900,6300,10500,15900
897,3000,6000,12600,15600
898,9600,6900,19200,16500
899,6000,3600,15600,13200
900,5400,1200,15000,10800
901,7500,8700,17100,18300
902,0,8700,9600,18300
903,3300,6000,12900,15600
904,3300,4800,12900,14400
905,8700,7500,18300,17100
906,3900,9300,13500,18900
907,8400,8400,18000,18000
908,6000,300,15600,9900
909,6000,300,15600,9900
910,1800,3600,11400,13200
911,4500,300,14100,9900
912,1800,6600,11400,16200
913,5700,5700,15300,15300
914,5100,7500,14700,17100
915,6300,3300,15900,12900
916,6300,6000,15900,15600
917,6000,8100,15600,17700
918,5700,7200,15300,16800
919,8100,600,17700,10200
920,3900,6900,13500,16500
921,3900,0,13500,9600
922,2400,900,12000,10500
923,5400,6000,15000,15600
924,300,3900,9900,13500
925,600,3600,10200,13200
926,900,1800,10500,11400
927,6000,6000,15600,15600
928,0,3900,9600,13500
929,7200,4200,16800,13800
930,6000,8400,15600,18000
931,6300,7800,15900,17400
932,3000,8100,12600,17700
933,0,8100,9600,17700
934,1500,1800,11100,11400
935,2700,8400,12300,18000
936,3000,5100,12600,14700
937,9000,3900,18600,13500
938,8400,7200,18000,16800
939,5400,7500,15000,17100
940,9600,0,19200,9600
941,6300,2700,15900,12300
942,8100,1200,17700,10800
943,9300,4200,18900,13800
944,3900,8100,13500,17700
945,6300,9300,15900,18900
946,3900,4800,13500,14400
947,0,9300,9600,18900
948,0,600,9600,10200
949,0,1200,9600,10800
950,300,9300,9900,18900
951,6900,6600,16500,16200
952,7800,600,17400,10200
953,6900,4800,16500,14400
954,6000,4500,15600,14100
955,3300,3600,12900,13200
956,7200,9600,16800,19200
957,3600,900,13200,10500
958,8700,6900,18300,16500
959,8100,1200,17700,10800
960,5700,5700,15300,15300
961,5700,3600,15300,13200
962,7200,3000,16800,12600
963,7500,3300,17100,12900
964,900,5700,10500,15300
965,8400,2100,18000,11700
966,9000,6600,18600,16200
967,6300,600,15900,10200
968,6900,4200,16500,13800
969,1200,6600,10800,16200
970,3900,9000,13500,18600
971,3600,7500,13200,17100
972,8100,1500,17700,11100
973,1800,1800,11400,11400
974,1800,7200,11400,16800
975,1800,4200,11400,13800
976,3300,2400,12900,12000
977,4800,600,14400,10200
978,9000,0,18600,9600
979,300,3600,9900,13200
980,5100,7800,14700,17400
981,0,5400,9600,15000
982,900,9600,10500,19200
983,0,3300,9600,12900
984,9600,2100,19200,11700
985,4800,6600,14400,16200
986,5400,6000,15000,15600
987,6000,4500,15600,14100
988,6300,5400,15900,15000
989,3000,900,12600,10500
990,0,6300,9600,15900
991,2400,7500,12000,17100
992,9300,9600,18900,19200
993,3900,8100,13500,17700
994,6600,7800,16200,17400
995,5700,4200,15300,13800
996,6900,3600,16500,13200
997,6300,9600,15900,19200
998,1800,2700,11400,12300
999,8700,1200,18300,10800
1000,600,5400,10200,15000
1001,4800,6300,14400,15900
1002,6900,6300,16500,15900
1003,6600,3000,16200,12600
1004,5100,6600,14700,16200
1005,3000,3900,12600,13500
1006,4500,300,14100,9900
1007,6000,300,15600,9900
1008,2700,4800,12300,14400
1009,600,3900,10200,13500
1010,2700,5100,12300,14700
1011,9000,600,18600,10200
1012,900,1200,10500,10800
1013,5700,8700,15300,18300
1014,8100,4800,17700,14400
1015,3600,5400,13200,15000
1016,1800,300,11400,9900
1017,6300,1200,15900,10800
1018,900,2400,10500,12000
1019,300,8400,9900,18000
1020,1800,900,11400,10500
1021,8400,6900,18000,16500
1022,5100,8100,14700,17700
1023,7200,8400,16800,18000
1024,3300,6300,12900,15900
1025,2100,9000,11700,18600
1026,600,1500,10200,11100
1027,3000,600,12600,10200
1028,4500,3900,14100,13500
1029,600,6900,10200,16500
1030,1800,6000,11400,15600
1031,5100,4200,14700,13800
1032,600,2700,10200,12300
1033,3000,0,12600,9600
1034,0,7500,9600,17100
1035,8700,2400,18300,12000
1036,6300,8100,15900,17700
1037,4200,9600,13800,19200
1038,1800,9000,11400,18600
1039,6600,3900,16200,13500
1040,6600,9000,16200,18600
1041,900,6300,10500,15900
1042,7500,5400,17100,15000
1043,600,2400,10200,12000
1044,8700,900,18300,10500
1045,8400,3600,18000,13200
1046,8100,1200,17700,10800
1047,8700,6300,18300,15900
1048,2700,300,12300,9900
1049,900,7800,10500,17400
1050,1200,5400,10800,15000
1051,5700,6300,15300,15900
1052,3300,300,12900,9900
1053,9300,2700,18900,12300
1054,2100,2700,11700,12300
1055,5400,5400,15000,15000
1056,1200,8400,10800,18000
1057,1200,7200,10800,16800
1058,4200,6600,13800,16200
1059,5400,9000,15000,18600
1060,7500,9000,17100,18600
1061,8700,6000,18300,15600
1062,5400,6300,15000,15900
1063,3300,6300,12900,15900
1064,5400,3900,15000,13500
1065,8100,7200,17700,16800
1066,9000,3900,18600,13500
1067,8400,300,18000,9900
1068,9000,3900,18600,13500
1069,3300,6600,12900,16200
1070,7500,9600,17100,19200
1071,600,8700,10200,18300
1072,1500,0,11100,9600
1073,2700,600,12300,10200
1074,3900,8700,13500,18300
1075,5100,5100,14700,14700
1076,1800,7500,11400,17100
1077,0,3000,9600,12600
1078,6000,3600,15600,13200
1079,300,1800,9900,11400
1080,1200,4800,10800,14400
1081,1500,5700,11100,15300
1082,9300,2700,18900,12300
1083,7200,1800,16800,11400
1084,5700,1200,15300,10800
1085,7200,8700,16800,18300
1086,300,1500,9900,11100
1087,6000,8700,15600,18300
1088,1500,3900,11100,13500
1089,0,1800,9600,11400
1090,8700,1500,18300,11100
1091,8700,3000,18300,12600
1092,2100,1800,11700,11400
1093,6900,1800,16500,11400
1094,6600,7500,16200,17100
1095,3300,5100,12900,14700
1096,9600,7500,19200,17100
1097,3900,1500,13500,11100
1098,900,6300,10500,15900
1099,4800,9000,14400,18600
1100,600,5400,10200,15000
1101,2700,4800,12300,14400
1102,4800,6300,14400,15900
1103,5100,300,14700,9900
1104,8100,600,17700,10200
1105,1200,9600,10800,19200
1106,6000,3300,15600,12900
1107,5400,9000,15000,18600
1108,9300,600,18900,10200
1109,300,9300,9900,18900
1110,9300,5400,18900,15000
1111,9000,1200,18600,10800
1112,5400,8100,15000,17700
1113,4200,3000,13800,12600
1114,1800,5100,11400,14700
1115,4200,5400,13800,15000
1116,3900,1200,13500,10800
1117,900,3000,10500,12600
1118,5400,300,15000,9900
1119,2700,6000,12300,15600
1120,600,4500,10200,14100
1121,9000,8700,18600,18300
1122,9300,3900,18900,13500
1123,1200,8700,10800,18300
1124,3300,5700,12900,15300
1125,600,6900,10200,16500
1126,8400,1800,18000,11400
1127,6900,1200,16500,10800
1128,9300,300,18900,9900
1129,1800,2100,11400,11700
1130,4800,9300,14400,18900
1131,1800,9600,11400,19200
1132,6900,9600,16500,19200
1133,3600,1200,13200,10800
1134,4800,0,14400,9600
1135,0,6900,9600,16500
1136,8100,4200,17700,13800
1137,4200,1200,13800,10800
1138,8100,3000,17700,12600
1139,4200,6000,13800,15600
1140,3900,5400,13500,15000
1141,2400,8400,12000,18000
1142,0,8700,9600,18300
1143,4500,600,14100,10200
1144,5700,0,15300,9600
1145,9000,9300,18600,18900
1146,7800,7800,17400,17400
1147,3900,6600,13500,16200
1148,8400,1500,18000,11100
1149,5400,5400,15000,15000
1150,6000,2400,15600,12000
1151,8700,2400,18300,12000
1152,3000,3000,12600,12600
1153,4200,3300,13800,12900
1154,3300,7800,12900,17400
1155,8400,1200,18000,10800
1156,0,4500,9600,14100
1157,3000,900,12600,10500
1158,7500,2400,17100,12000
1159,3900,4500,13500,14100
1160,8700,1500,18300,11100
1161,9000,600,18600,10200
1162,9600,6600,19200,16200
1163,3600,3000,13200,12600
1164,7500,2400,17100,12000
1165,1500,3300,11100,12900
1166,6000,3300,15600,12900
1167,9600,1200,19200,10800
1168,2100,4500,11700,14100
1169,4800,9300,14400,18900
1170,9600,4200,19200,13800
1171,8100,8700,17700,18300
1172,9000,3000,18600,12600
1173,5100,0,14700,9600
1174,600,3000,10200,12600
1175,8400,1800,18000,11400
1176,600,9000,10200,18600
1177,3900,6000,13500,15600
1178,8700,2400,18300,12000
1179,7500,900,17100,10500
1180,3000,8400,12600,18000
1181,5700,6000,15300,15600
1182,8100,7800,17700,17400
1183,4800,3600,14400,13200
1184,6900,8700,16500,18300
1185,6600,1200,16200,10800
1186,0,3600,9600,13200
1187,4500,9300,14100,18900
1188,1500,0,11100,9600
1189,1800,9600,11400,19200
1190,6600,9600,16200,19200
1191,600,6300,10200,15900
1192,2700,1800,12300,11400
1193,6600,2400,16200,12000
1194,9000,1500,18600,11100
1195,6000,6000,15600,15600
1196,6300,9600,15900,19200
1197,1200,1200,10800,10800
1198,2700,8700,12300,18300
1199,7500,6600,17100,16200
1200,600,6000,10200,15600
1201,600,7800,10200,17400
1202,4200,3000,13800,12600
1203,7800,1200,17400,10800
1204,6900,300,16500,9900
1205,300,8400,9900,18000
1206,1200,300,10800,9900
1207,3900,6900,13500,16500
1208,300,8700,9900,18300
1209,1800,3300,11400,12900
1210,2100,9300,11700,18900
1211,9600,6300,19200,15900
1212,9600,1800,19200,11400
1213,9600,3300,19200,12900
1214,6900,3300,16500,12900
1215,3300,8700,12900,18300
1216,3600,4200,13200,13800
1217,6300,8700,15900,18300
1218,5400,6300,15000,15900
1219,900,300,10500,9900
1220,6600,3600,16200,13200
1221,9300,6600,18900,16200
1222,9000,7800,18600,17400
1223,6900,4500,16500,14100
1224,7200,7200,16800,16800
1225,5100,5700,14700,15300
1226,6300,7800,15900,17400
1227,6900,6600,16500,16200
1228,4500,1800,14100,11400
1229,900,4200,10500,13800
1230,6000,2400,15600,12000
1231,7800,0,17400,9600
1232,300,9300,9900,18900
1233,1500,7200,11100,16800
1234,1500,6000,11100,15600
1235,600,3300,10200,12900
1236,8100,6300,17700,15900
1237,4800,9300,14400,18900
1238,3300,6300,12900,15900
1239,6300,6000,15900,15600
1240,600,9300,10200,18900
1241,600,5400,10200,15000
1242,8100,5700,17700,15300
1243,900,1500,10500,11100
1244,6600,1200,16200,10800
1245,4500,1500,14100,11100
1246,7800,5400,17400,15000
1247,6600,8100,16200,17700
1248,600,1800,10200,11400
1249,5700,1500,15300,11100
1250,6300,5100,15900,14700
1251,6000,5700,15600,15300
1252,2700,5400,12300,15000
1253,6300,4200,15900,13800
1254,600,1800,10200,11400
1255,8700,9600,18300,19200
1256,7800,7200,17400,16800
1257,5700,7800,15300,17400
1258,600,3600,10200,13200
1259,8700,7800,18300,17400
1260,3900,7200,13500,16800
1261,6600,1200,16200,10800
1262,5400,8100,15000,17700
1263,1500,5700,11100,15300
1264,6000,8100,15600,17700
1265,1200,1800,10800,11400
1266,1200,2100,10800,11700
1267,7500,3000,17100,12600
1268,3600,6900,13200,16500
1269,4800,4800,14400,14400
1270,1500,900,11100,10500
1271,4500,4500,14100,14100
1272,6600,3000,16200,12600
1273,1500,9300,11100,18900
1274,7800,3600,17400,13200
1275,5400,2400,15000,12000
1276,300,1500,9900,11100
1277,7800,0,17400,9600
1278,8100,3900,17700,13500
1279,0,3600,9600,13200
1280,4800,9600,14400,19200
1281,2100,3900,11700,13500
1282,3900,900,13500,10500
1283,2400,5100,12000,14700
1284,600,7800,10200,17400
1285,3300,8400,12900,18000
1286,3000,5100,12600,14700
1287,6300,4500,15900,14100
1288,5100,4200,14700,13800
1289,4500,9300,14100,18900
1290,7200,4200,16800,13800
1291,8100,2400,17700,12000
1292,4500,4800,14100,14400
1293,4200,300,13800,9900
1294,1200,2700,10800,12300
1295,4200,5100,13800,14700
1296,1500,0,11100,9600
1297,3600,8400,13200,18000
1298,300,5400,9900,15000
1299,1200,600,10800,10200
1300,8700,2100,18300,11700
1301,900,300,10500,9900
1302,4800,1800,14400,11400
1303,5700,8400,15300,18000
1304,7500,6900,17100,16500
1305,0,9600,9600,19200
1306,6300,9600,15900,19200
1307,5100,5700,14700,15300
1308,7200,4800,16800,14400
1309,6600,900,16200,10500
1310,3900,600,13500,10200
1311,4800,8700,14400,18300
1312,5100,3300,14700,12900
1313,4500,4500,14100,14100
1314,4200,8400,13800,18000
1315,5400,6600,15000,16200
1316,3600,6900,13200,16500
1317,6000,2700,15600,12300
1318,1200,300,10800,9900
1319,4800,9300,14400,18900
1320,3600,1800,13200,11400
1321,2400,600,12000,10200
1322,300,7200,9900,16800
1323,9000,3900,18600,13500
1324,3000,600,12600,10200
1325,7500,2700,17100,12300
1326,9300,2700,18900,12300
1327,1500,1500,11100,11100
1328,1500,1500,11100,11100
1329,9600,2100,19200,11700
1330,6300,3300,15900,12900
1331,4200,4200,13800,13800
1332,6900,9000,16500,18600
1333,8400,2700,18000,12300
1334,9000,9300,18600,18900
1335,3300,3900,12900,13500
1336,3300,1500,12900,11100
1337,1500,4500,11100,14100
1338,2100,3000,11700,12600
1339,7800,7500,17400,17100
1340,1500,6000,11100,15600
1341,6600,4800,16200,14400
1342,9000,7200,18600,16800
1343,7800,5700,17400,15300
1344,900,8700,10500,18300
1345,4500,900,14100,10500
1346,7800,9000,17400,18600
1347,5100,0,14700,9600
1348,7800,5400,17400,15000
1349,8100,9600,17700,19200
1350,8400,3600,18000,13200
1351,6900,5400,16500,15000
1352,7500,4500,17100,14100
1353,9000,7200,18600,16800
1354,7500,8100,17100,17700
1355,4500,8100,14100,17700
1356,9000,4800,18600,14400
1357,4500,4500,14100,14100
1358,5100,2700,14700,12300
1359,1800,6300,11400,15900
1360,9600,1800,19200,11400
1361,7500,9300,17100,18900
1362,3300,1200,12900,10800
1363,8400,3600,18000,13200
1364,1500,0,11100,9600
1365,7500,5100,17100,14700
1366,3300,6900,12900,16500
1367,5700,4200,15300,13800
1368,0,900,9600,10500
1369,5700,4800,15300,14400
1370,5400,8700,15000,18300
1371,7800,6600,17400,16200
1372,3600,9000,13200,18600
1373,0,9000,9600,18600
1374,6300,1500,15900,11100
1375,8400,7500,18000,17100
1376,4500,6000,14100,15600
1377,3600,9000,13200,18600
1378,7500,9300,17100,18900
1379,7200,6900,16800,16500
1380,8100,2100,17700,11700
1381,3000,3300,12600,12900
1382,3900,4800,13500,14400
1383,3000,2400,12600,12000
1384,1800,8700,11400,18300
1385,3600,2100,13200,11700
1386,2100,0,11700,9600
1387,5400,6000,15000,15600
1388,0,9600,9600,19200
1389,8400,8700,18000,18300
1390,1500,300,11100,9900
1391,5400,6900,15000,16500
1392,6300,5400,15900,15000
1393,1200,2400,10800,12000
1394,6000,8100,15600,17700
1395,9600,5400,19200,15000
1396,9000,900,18600,10500
1397,2100,900,11700,10500
1398,3300,3000,12900,12600
1399,5100,1500,14700,11100
1400,8400,7800,18000,17400
1401,0,5400,9600,15000
1402,9300,6600,18900,16200
1403,3600,9600,13200,19200
1404,3300,6600,12900,16200
1405,3600,1200,13200,10800
1406,3300,7200,12900,16800
1407,2400,1200,12000,10800
1408,3900,6900,13500,16500
1409,3000,4200,12600,13800
1410,6600,3600,16200,13200
1411,6000,5100,15600,14700
1412,1200,900,10800,10500
1413,5400,9000,15000,18600
1414,4800,2400,14400,12000
1415,5700,5400,15300,15000
1416,1500,4800,11100,14400
1417,2700,3900,12300,13500
1418,8700,900,18300,10500
1419,4500,0,14100,9600
1420,6000,5400,15600,15000
1421,7800,7500,17400,17100
1422,3600,6300,13200,15900
1423,5700,2400,15300,12000
1424,6900,9000,16500,18600
1425,5100,5700,14700,15300
1426,600,4200,10200,13800
1427,5100,3300,14700,12900
1428,6600,2700,16200,12300
1429,1800,3000,11400,12600
1430,6600,300,16200,9900
1431,2100,3000,11700,12600
1432,8100,3600,17700,13200
1433,0,4500,9600,14100
1434,3600,4800,13200,14400
1435,2400,8100,12000,17700
1436,2100,6900,11700,16500
1437,7800,8400,17400,18000
1438,8400,1800,18000,11400
1439,1500,6600,11100,16200
1440,2400,3600,12000,13200
1441,5400,3300,15000,12900
1442,1500,4200,11100,13800
1443,600,4200,10200,13800
1444,8700,7200,18300,16800
1445,6300,4200,15900,13800
1446,3600,6900,13200,16500
1447,5700,7200,15300,16800
1448,5700,4800,15300,14400
1449,6600,2700,16200,12300
1450,9300,5700,18900,15300
1451,5400,3000,15000,12600
1452,9600,9300,19200,18900
1453,8700,3600,18300,13200
1454,6300,3300,15900,12900
1455,4200,900,13800,10500
1456,9000,4200,18600,13800
1457,8400,9600,18000,19200
1458,8400,900,18000,10500
1459,5400,8700,15000,18300
1460,1200,3300,10800,12900
1461,6600,1800,16200,11400
1462,9600,3900,19200,13500
1463,3900,9300,13500,18900
1464,5100,5400,14700,15000
1465,5100,300,14700,9900
1466,6600,2700,16200,12300
1467,5400,7800,15000,17400
1468,2100,3900,11700,13500
1469,2400,6600,12000,16200
1470,5700,4200,15300,13800
1471,7500,600,17100,10200
1472,1800,5400,11400,15000
1473,7500,8100,17100,17700
1474,0,7500,9600,17100
1475,3000,7500,12600,17100
1476,3300,300,12900,9900
1477,6000,9000,15600,18600
1478,4200,9600,13800,19200
1479,1800,5100,11400,14700
1480,3300,7500,12900,17100
1481,2100,900,11700,10500
1482,5100,3900,14700,13500
1483,3900,9000,13500,18600
1484,6600,7800,16200,17400
1485,8700,5700,18300,15300
1486,5100,2700,14700,12300
1487,7500,1800,17100,11400
1488,8400,900,18000,10500
1489,2400,1500,12000,11100
1490,8400,4500,18000,14100
1491,4500,7500,14100,17100
1492,5400,6600,15000,16200
1493,600,6600,10200,16200
1494,1500,3900,11100,13500
1495,8400,5700,18000,15300
1496,1500,1800,11100,11400
1497,4500,5400,14100,15000
1498,6900,7200,16500,16800
1499,1800,1500,11400,11100
1500,7500,0,17100,9600
1501,4500,1500,14100,11100
1502,5700,2400,15300,12000
1503,6600,7500,16200,17100
1504,5700,2400,15300,12000
1505,3900,4800,13500,14400
1506,6900,9000,16500,18600
1507,1200,1500,10800,11100
1508,3600,4500,13200,14100
1509,5100,6900,14700,16500
1510,7500,7500,17100,17100
1511,4200,3900,13800,13500
1512,600,2700,10200,12300
1513,7200,9300,16800,18900
1514,8100,3600,17700,13200
1515,3300,2400,12900,12000
1516,4200,1800,13800,11400
1517,7200,8700,16800,18300
1518,7800,3000,17400,12600
1519,4800,6900,14400,16500
1520,0,1500,9600,11100
1521,0,600,9600,10200
1522,3900,6600,13500,16200
1523,8400,0,18000,9600
1524,9000,3300,18600,12900
1525,3300,3300,12900,12900
1526,2700,3900,12300,13500
1527,6300,6000,15900,15600
1528,600,8400,10200,18000
1529,7200,9000,16800,18600
1530,3300,8400,12900,18000
1531,4200,600,13800,10200
1532,6900,1800,16500,11400
1533,3000,3000,12600,12600
1534,9300,6600,18900,16200
1535,4200,6600,13800,16200
1536,3300,8100,12900,17700
1537,9300,0,18900,9600
1538,600,2700,10200,12300
1539,3900,1500,13500,11100
1540,7500,3300,17100,12900
1541,2100,0,11700,9600
1542,1500,900,11100,10500
1543,7500,7200,17100,16800
1544,6900,4200,16500,13800
1545,4500,1200,14100,10800
1546,3600,8400,13200,18000
1547,8100,2100,17700,11700
1548,6300,5400,15900,15000
1549,3300,0,12900,9600
1550,3000,1800,12600,11400
1551,7500,1200,17100,10800
1552,3900,2700,13500,12300
1553,5700,3600,15300,13200
1554,4800,0,14400,9600
1555,2400,6600,12000,16200
1556,6000,9300,15600,18900
1557,5400,6000,15000,15600
1558,8100,0,17700,9600
1559,6000,9000,15600,18600
1560,5700,8100,15300,17700
1561,6300,300,15900,9900
1562,0,1500,9600,11100
1563,6600,6900,16200,16500
1564,9600,2400,19200,12000
1565,1500,7800,11100,17400
1566,3300,6300,12900,15900
1567,2100,8100,11700,17700
1568,4200,3300,13800,12900
1569,2100,5400,11700,15000
1570,7500,4200,17100,13800
1571,6600,1800,16200,11400
1572,1500,8400,11100,18000
1573,9600,8400,19200,18000
1574,7800,4500,17400,14100
1575,8400,3000,18000,12600
1576,3300,3600,12900,13200
1577,2400,9600,12000,19200
1578,4200,3600,13800,13200
1579,7500,9000,17100,18600
1580,6300,6000,15900,15600
1581,9300,7500,18900,17100
1582,7200,6300,16800,15900
1583,5700,8400,15300,18000
1584,6000,8100,15600,17700
1585,2100,1800,11700,11400
1586,8400,6000,18000,15600
1587,9600,4200,19200,13800
1588,3300,7200,12900,16800
1589,0,2100,9600,11700
1590,9300,6600,18900,16200
1591,6900,300,16500,9900
1592,5400,3900,15000,13500
1593,4800,600,14400,10200
1594,5700,300,15300,9900
1595,3900,3600,13500,13200
1596,4200,4800,13800,14400
1597,7500,7800,17100,17400
1598,8100,5700,17700,15300
1599,6000,7200,15600,16800
1600,1800,5700,11400,15300
1601,6300,8700,15900,18300
1602,2100,8700,11700,18300
1603,9000,9300,18600,18900
1604,8100,7200,17700,16800
1605,7800,4800,17400,14400
1606,5100,3000,14700,12600
1607,3000,1500,12600,11100
1608,4800,9600,14400,19200
1609,8400,300,18000,9900
1610,8100,4500,17700,14100
1611,6600,300,16200,9900
1612,3000,0,12600,9600
1613,1800,9300,11400,18900
1614,6900,1500,16500,11100
1615,8400,3900,18000,13500
1616,3000,7200,12600,16800
1617,1200,9600,10800,19200
1618,7800,4500,17400,14100
1619,3300,6900,12900,16500
1620,3600,3300,13200,12900
1621,7500,0,17100,9600
1622,5100,2700,14700,12300
1623,4800,6900,14400,16500
1624,2700,7500,12300,17100
1625,4200,6900,13800,16500
1626,3000,1200,12600,10800
1627,7200,1500,16800,11100
1628,9000,300,18600,9900
1629,3900,1800,13500,11400
1630,9600,2400,19200,12000
1631,9000,9600,18600,19200
1632,1800,8400,11400,18000
1633,7200,6000,16800,15600
1634,3300,5400,12900,15000
1635,3300,1500,12900,11100
1636,7800,4200,17400,13800
1637,6300,2100,15900,11700
1638,900,6900,10500,16500
1639,7200,8700,16800,18300
1640,4500,7500,14100,17100
1641,2700,8700,12300,18300
1642,8700,3600,18300,13200
1643,7800,6900,17400,16500
1644,6900,6300,16500,15900
1645,2700,5700,12300,15300
1646,8400,9300,18000,18900
1647,8700,6000,18300,15600
1648,4200,4200,13800,13800
1649,7500,3600,17100,13200
1650,2400,2700,12000,12300
1651,7500,7500,17100,17100
1652,6300,9300,15900,18900
1653,8700,4500,18300,14100
1654,7200,4800,16800,14400
1655,7800,7200,17400,16800
1656,300,7800,9900,17400
1657,9600,3300,19200,12900
1658,4800,5400,14400,15000
1659,3600,6300,13200,15900
1660,300,300,9900,9900
1661,4500,9600,14100,19200
1662,900,6600,10500,16200
1663,3900,9000,13500,18600
1664,3900,5700,13500,15300
1665,4800,4800,14400,14400
1666,3900,5700,13500,15300
1667,900,4500,10500,14100
1668,300,900,9900,10500
1669,6600,6000,16200,15600
1670,6300,300,15900,9900
1671,1500,3000,11100,12600
1672,6600,9000,16200,18600
1673,1200,3600,10800,13200
1674,600,4200,10200,13800
1675,8700,6600,18300,16200
1676,4500,1200,14100,10800
1677,7200,8700,16800,18300
1678,300,9300,9900,18900
1679,9000,1500,18600,11100
1680,8700,9300,18300,18900
1681,300,7500,9900,17100
1682,1500,5700,11100,15300
1683,6900,6600,16500,16200
1684,9600,300,19200,9900
1685,5100,3000,14700,12600
1686,6900,5700,16500,15300
1687,300,300,9900,9900
1688,2100,5400,11700,15000
1689,9300,8700,18900,18300
1690,1800,6000,11400,15600
1691,7800,1500,17400,11100
1692,300,4500,9900,14100
1693,4200,300,13800,9900
1694,8700,600,18300,10200
1695,3000,5100,12600,14700
1696,900,3300,10500,12900
1697,8100,600,17700,10200
1698,4800,6600,14400,16200
1699,7200,7800,16800,17400
1700,6900,7200,16500,16800
1701,5400,2700,15000,12300
1702,3900,5100,13500,14700
1703,8400,2700,18000,12300
1704,7500,9300,17100,18900
1705,1800,5100,11400,14700
1706,6900,4800,16500,14400
1707,1800,1500,11400,11100
1708,8700,9600,18300,19200
1709,3300,9600,12900,19200
1710,900,4200,10500,13800
1711,8400,3300,18000,12900
1712,4200,7800,13800,17400
1713,4200,5100,13800,14700
1714,600,8700,10200,18300
1715,7200,7500,16800,17100
1716,3600,3600,13200,13200
1717,7500,900,17100,10500
1718,4800,8100,14400,17700
1719,6000,0,15600,9600
1720,5700,7200,15300,16800
1721,1800,6000,11400,15600
1722,1500,4800,11100,14400
1723,300,600,9900,10200
1724,9000,4800,18600,14400
1725,0,2700,9600,12300
1726,2100,9600,11700,19200
1727,3900,8700,13500,18300
1728,3600,1800,13200,11400
1729,5400,1500,15000,11100
1730,6300,8700,15900,18300
1731,900,3600,10500,13200
1732,2700,1200,12300,10800
1733,600,8700,10200,18300
1734,6000,6600,15600,16200
1735,2400,600,12000,10200
1736,2100,5100,11700,14700
1737,9600,3000,19200,12600
1738,2700,3900,12300,13500
1739,6900,3000,16500,12600
1740,900,5400,10500,15000
1741,8700,7200,18300,16800
1742,2700,3300,12300,12900
1743,8700,5400,18300,15000
1744,1800,4800,11400,14400
1745,600,900,10200,10500
1746,6600,900,16200,10500
1747,5100,1200,14700,10800
1748,1200,7200,10800,16800
1749,8100,5100,17700,14700
1750,1200,3300,10800,12900
1751,4800,8100,14400,17700
1752,6600,6600,16200,16200
1753,9300,9600,18900,19200
1754,2100,1800,11700,11400
1755,9600,1800,19200,11400
1756,3300,600,12900,10200
1757,9000,3000,18600,12600
1758,6600,7500,16200,17100
1759,7500,6000,17100,15600
1760,3000,8700,12600,18300
1761,300,3300,9900,12900
1762,5700,7500,15300,17100
1763,9300,3300,18900,12900
1764,7200,3900,16800,13500
1765,3000,1500,12600,11100
1766,6900,2700,16500,12300
1767,7500,3000,17100,12600
1768,3300,4200,12900,13800
1769,600,9300,10200,18900
1770,2100,4200,11700,13800
1771,5100,6600,14700,16200
1772,0,3300,9600,12900
1773,9000,9000,18600,18600
1774,3300,8400,12900,18000
1775,3000,6900,12600,16500
1776,6300,900,15900,10500
1777,5100,6300,14700,15900
1778,5400,8100,15000,17700
1779,4800,1500,14400,11100
1780,8400,2100,18000,11700
1781,6600,3600,16200,13200
1782,9000,2400,18600,12000
1783,300,1500,9900,11100
1784,3600,1200,13200,10800
1785,5400,300,15000,9900
1786,6000,5400,15600,15000
1787,300,4200,9900,13800
1788,7500,900,17100,10500
1789,1500,6000,11100,15600
1790,5400,4500,15000,14100
1791,8400,900,18000,10500
1792,300,5400,9900,15000
1793,7500,900,17100,10500
1794,5700,3900,15300,13500
1795,3000,1200,12600,10800
1796,9300,4200,18900,13800
1797,900,4200,10500,13800
1798,1800,300,11400,9900
1799,3300,5700,12900,15300
1800,1200,0,10800,9600
1801,1800,8400,11400,18000
1802,3600,3000,13200,12600
1803,600,4200,10200,13800
1804,9000,5700,18600,15300
1805,8700,3000,18300,12600
1806,3300,6000,12900,15600
1807,1200,5700,10800,15300
1808,6900,600,16500,10200
1809,8700,0,18300,9600
1810,3900,2700,13500,12300
1811,8100,6300,17700,15900
1812,1500,2400,11100,12000
1813,2400,2400,12000,12000
1814,5700,8100,15300,17700
1815,4500,1500,14100,11100
1816,8400,900,18000,10500
1817,8700,2400,18300,12000
1818,8700,4800,18300,14400
1819,7800,6300,17400,15900
1820,900,8100,10500,17700
1821,5400,3600,15000,13200
1822,8400,7200,18000,16800
1823,3000,5100,12600,14700
1824,9000,0,18600,9600
1825,1500,2100,11100,11700
1826,6000,2100,15600,11700
1827,1800,7200,11400,16800
1828,9000,6600,18600,16200
1829,900,0,10500,9600
1830,2400,2400,12000,12000
1831,4200,300,13800,9900
1832,600,7200,10200,16800
1833,600,9000,10200,18600
1834,5100,6600,14700,16200
1835,8400,2700,18000,12300
1836,9300,2100,18900,11700
1837,4800,5100,14400,14700
1838,4200,7800,13800,17400
1839,1500,4200,11100,13800
1840,2100,5700,11700,15300
1841,3000,6300,12600,15900
1842,0,6900,9600,16500
1843,0,1800,9600,11400
1844,3900,6300,13500,15900
1845,3000,1800,12600,11400
1846,8700,6000,18300,15600
1847,8700,5100,18300,14700
1848,7800,1200,17400,10800
1849,0,7800,9600,17400
1850,3000,6000,12600,15600
1851,5100,7200,14700,16800
1852,9000,4200,18600,13800
1853,3900,0,13500,9600
1854,0,5400,9600,15000
1855,8700,3000,18300,12600
1856,7500,6600,17100,16200
1857,900,6300,10500,15900
1858,3000,600,12600,10200
1859,8700,2700,18300,12300
1860,0,7200,9600,16800
1861,2100,4500,11700,14100
1862,3900,3300,13500,12900
1863,5400,900,15000,10500
1864,2100,8100,11700,17700
1865,2700,2100,12300,11700
1866,9300,9600,18900,19200
1867,3300,5400,12900,15000
1868,9300,2100,18900,11700
1869,9000,5700,18600,15300
1870,6900,2400,16500,12000
1871,7500,900,17100,10500
1872,0,8100,9600,17700
1873,9300,9300,18900,18900
1874,1800,7200,11400,16800
1875,3600,900,13200,10500
1876,7800,9300,17400,18900
1877,7800,7800,17400,17400
1878,3900,3900,13500,13500
1879,4200,7800,13800,17400
1880,900,3600,10500,13200
1881,7800,3600,17400,13200
1882,0,5700,9600,15300
1883,0,600,9600,10200
1884,3000,1800,12600,11400
1885,8700,3000,18300,12600
1886,3000,9000,12600,18600
1887,1500,6600,11100,16200
1888,900,4800,10500,14400
1889,300,6300,9900,15900
1890,3900,4500,13500,14100
1891,3600,6000,13200,15600
1892,6300,5700,15900,15300
1893,900,1800,10500,11400
1894,3000,600,12600,10200
1895,4200,1500,13800,11100
1896,8400,8400,18000,18000
1897,300,5100,9900,14700
1898,1200,600,10800,10200
1899,300,9300,9900,18900
1900,5400,7800,15000,17400
1901,6600,3300,16200,12900
1902,1200,4200,10800,13800
1903,600,1200,10200,10800
1904,1200,8700,10800,18300
1905,3900,6300,13500,15900
1906,2400,6300,12000,15900
1907,9300,8100,18900,17700
1908,0,7200,9600,16800
1909,6600,1800,16200,11400
1910,9300,2100,18900,11700
1911,900,9000,10500,18600
1912,600,8700,10200,18300
1913,2700,9300,12300,18900
1914,1500,9300,11100,18900
1915,6600,7200,16200,16800
1916,300,7500,9900,17100
1917,3600,1200,13200,10800
1918,1500,6000,11100,15600
1919,300,300,9900,9900
1920,8700,2100,18300,11700
1921,6300,7200,15900,16800
1922,9000,1800,18600,11400
1923,5100,1200,14700,10800
1924,7800,3000,17400,12600
1925,5400,3900,15000,13500
1926,9600,2100,19200,11700
1927,1200,7800,10800,17400
1928,1800,7200,11400,16800
1929,6000,4500,15600,14100
1930,2700,8700,12300,18300
1931,9600,3300,19200,12900
1932,2400,2700,12000,12300
1933,4800,4200,14400,13800
1934,8700,4200,18300,13800
1935,5700,1200,15300,10800
1936,6000,5100,15600,14700
1937,2100,7500,11700,17100
1938,8100,6600,17700,16200
1939,900,300,10500,9900
1940,9000,2400,18600,12000
1941,9300,9600,18900,19200
1942,9000,5100,18600,14700
1943,900,1200,10500,10800
1944,6600,5700,16200,15300
1945,6000,6900,15600,16500
1946,900,300,10500,9900
1947,7500,5400,17100,15000
1948,2100,9300,11700,18900
1949,5700,7500,15300,17100
1950,5100,2100,14700,11700
1951,9000,4500,18600,14100
1952,1800,7200,11400,16800
1953,8100,6000,17700,15600
1954,6600,1200,16200,10800
1955,2700,900,12300,10500
1956,1800,6300,11400,15900
1957,8400,2400,18000,12000
1958,7800,3600,17400,13200
1959,4800,5700,14400,15300
1960,4800,5400,14400,15000
1961,5100,8400,14700,18000
1962,600,5400,10200,15000
1963,4500,6000,14100,15600
1964,2100,2100,11700,11700
1965,9300,3600,18900,13200
1966,3600,1800,13200,11400
1967,8100,2400,17700,12000
1968,2100,2700,11700,12300
1969,3900,2700,13500,12300
1970,5100,4200,14700,13800
1971,3900,5400,13500,15000
1972,6000,9600,15600,19200
1973,5700,6000,15300,15600
1974,1200,4800,10800,14400
1975,300,0,9900,9600
1976,3000,2400,12600,12000
1977,5400,6300,15000,15900
1978,6600,9600,16200,19200
1979,0,3600,9600,13200
1980,600,5400,10200,15000
1981,8100,8400,17700,18000
1982,600,7200,10200,16800
1983,1800,9000,11400,18600
1984,3300,6900,12900,16500
1985,9000,8700,18600,18300
1986,2700,9000,12300,18600
1987,5100,0,14700,9600
1988,1800,600,11400,10200
1989,2400,8100,12000,17700
1990,300,9000,9900,18600
1991,7500,5400,17100,15000
1992,9300,1200,18900,10800
1993,5700,6600,15300,16200
1994,1200,2100,10800,11700
1995,300,2400,9900,12000
1996,5700,1500,15300,11100
1997,1800,4800,11400,14400
1998,4500,900,14100,10500
1999,5700,9600,15300,19200
2000,9600,4200,19200,13800
2001,6000,8400,15600,18000
2002,3000,3900,12600,13500
2003,4500,6300,14100,15900
2004,7800,3000,17400,12600
2005,7800,6300,17400,15900
2006,3900,7200,13500,16800
2007,6000,3300,15600,12900
2008,3900,600,13500,10200
2009,0,4200,9600,13800
2010,2100,2700,11700,12300
2011,8400,7800,18000,17400
2012,2100,1500,11700,11100
2013,8700,6000,18300,15600
2014,2400,6900,12000,16500
2015,8100,6600,17700,16200
2016,6600,7200,16200,16800
2017,3900,4200,13500,13800
2018,9600,4200,19200,13800
2019,8400,600,18000,10200
2020,2400,7200,12000,16800
2021,900,4200,10500,13800
2022,6600,3000,16200,12600
2023,6900,5700,16500,15300
2024,2700,2100,12300,11700
2025,5400,4500,15000,14100
2026,3300,5400,12900,15000
2027,5100,8100,14700,17700
2028,8700,5100,18300,14700
2029,5100,1200,14700,10800
2030,2700,9000,12300,18600
2031,8400,5100,18000,14700
2032,8100,1200,17700,10800
2033,900,9300,10500,18900
2034,600,9000,10200,18600
2035,2700,9300,12300,18900
2036,9000,6900,18600,16500
2037,7200,2400,16800,12000
2038,8100,9300,17700,18900
2039,1500,3900,11100,13500
2040,1500,300,11100,9900
2041,1500,7800,11100,17400
2042,1200,0,10800,9600
2043,4800,6600,14400,16200
2044,4200,9000,13800,18600
2045,600,600,10200,10200
2046,1800,1500,11400,11100
2047,1500,2100,11100,11700
2048,6900,7800,16500,17400
2049,600,0,10200,9600
2050,9300,300,18900,9900
2051,8700,2100,18300,11700
2052,8700,7500,18300,17100
2053,9300,5700,18900,15300
2054,1500,4800,11100,14400
2055,300,5100,9900,14700
2056,3300,7200,12900,16800
2057,4200,8100,13800,17700
2058,2700,300,12300,9900
2059,7500,7800,17100,17400
2060,3900,9000,13500,18600
2061,2100,4800,11700,14400
2062,2400,3900,12000,13500
2063,9300,9600,18900,19200
2064,2400,3300,12000,12900
2065,3300,7200,12900,16800
2066,2700,9000,12300,18600
2067,0,5700,9600,15300
2068,900,5400,10500,15000
2069,2700,2400,12300,12000
2070,6000,7800,15600,17400
2071,300,7800,9900,17400
2072,1800,9600,11400,19200
2073,7500,1800,17100,11400
2074,900,3900,10500,13500
2075,7200,7200,16800,16800
2076,9600,3300,19200,12900
2077,9300,3900,18900,13500
2078,1200,6000,10800,15600
2079,9300,300,18900,9900
2080,7800,6300,17400,15900
2081,1800,600,11400,10200
2082,4200,8100,13800,17700
2083,5100,8400,14700,18000
2084,5700,0,15300,9600
2085,600,300,10200,9900
2086,9600,8400,19200,18000
2087,2700,3900,12300,13500
2088,5700,6000,15300,15600
2089,600,600,10200,10200
2090,8700,3900,18300,13500
2091,3000,1500,12600,11100
2092,0,9000,9600,18600
2093,5700,8700,15300,18300
2094,3000,9300,12600,18900
2095,7200,9300,16800,18900
2096,7800,1200,17400,10800
2097,3600,2700,13200,12300
2098,5400,5100,15000,14700
2099,8400,6600,18000,16200
2100,8700,2700,18300,12300
2101,1200,9000,10800,18600
2102,8100,3300,17700,12900
2103,4800,3900,14400,13500
2104,6000,1500,15600,11100
2105,1800,3600,11400,13200
2106,4200,9000,13800,18600
2107,900,5700,10500,15300
2108,3600,8100,13200,17700
2109,9000,8100,18600,17700
2110,2100,7200,11700,16800
2111,300,3000,9900,12600
2112,6000,8100,15600,17700
2113,900,5400,10500,15000
2114,3600,4500,13200,14100
2115,2700,8400,12300,18000
2116,7500,600,17100,10200
2117,0,6900,9600,16500
2118,300,1200,9900,10800
2119,3000,9600,12600,19200
2120,9600,7800,19200,17400
2121,1800,5400,11400,15000
2122,4500,6300,14100,15900
2123,8700,5400,18300,15000
2124,5400,1500,15000,11100
2125,0,3600,9600,13200
2126,600,4800,10200,14400
2127,8400,6900,18000,16500
2128,900,1500,10500,11100
2129,4200,600,13800,10200
2130,900,6900,10500,16500
2131,1200,6000,10800,15600
2132,1500,6900,11100,16500
2133,5100,5700,14700,15300
2134,6900,9600,16500,19200
2135,8100,6900,17700,16500
2136,9000,6300,18600,15900
2137,8100,8700,17700,18300
2138,900,7500,10500,17100
2139,4800,900,14400,10500
2140,2400,8100,12000,17700
2141,4800,9300,14400,18900
2142,6900,1200,16500,10800
2143,900,4200,10500,13800
2144,3900,5100,13500,14700
2145,3600,8700,13200,18300
2146,5700,4800,15300,14400
2147,300,2400,9900,12000
2148,5400,6600,15000,16200
2149,8100,5700,17700,15300
2150,9300,1200,18900,10800
2151,8700,0,18300,9600
2152,1800,8700,11400,18300
2153,9000,6300,18600,15900
2154,7200,3900,16800,13500
2155,4500,0,14100,9600
2156,5700,300,15300,9900
2157,4200,6300,13800,15900
2158,7800,9600,17400,19200
2159,4800,9600,14400,19200
2160,1800,300,11400,9900
2161,3300,1800,12900,11400
2162,9000,7500,18600,17100
2163,7500,2100,17100,11700
2164,0,4800,9600,14400
2165,6300,8700,15900,18300
2166,3300,2700,12900,12300
2167,6000,3000,15600,12600
2168,6600,7800,16200,17400
2169,4200,1500,13800,11100
2170,3300,9000,12900,18600
2171,7800,2700,17400,12300
2172,7200,1500,16800,11100
2173,5400,2700,15000,12300
2174,4800,2100,14400,11700
2175,9300,7800,18900,17400
2176,3600,7800,13200,17400
2177,2400,2100,12000,11700
2178,300,3600,9900,13200
2179,6000,9000,15600,18600
2180,4200,1200,13800,10800
2181,8700,6900,18300,16500
2182,300,1500,9900,11100
2183,9300,6600,18900,16200
2184,6600,600,16200,10200
2185,6300,900,15900,10500
2186,2100,4200,11700,13800
2187,5700,6300,15300,15900
2188,8700,9300,18300,18900
2189,8700,4500,18300,14100
2190,3000,8700,12600,18300
2191,3300,5100,12900,14700
2192,5100,4500,14700,14100
2193,6600,1200,16200,10800
2194,8100,6900,17700,16500
2195,300,6600,9900,16200
2196,3600,6600,13200,16200
2197,4500,7200,14100,16800
2198,5700,600,15300,10200
2199,5700,6600,15300,16200
2200,1200,300,10800,9900
2201,7800,5100,17400,14700
2202,3900,7800,13500,17400
2203,3600,3300,13200,12900
2204,600,6900,10200,16500
2205,8700,900,18300,10500
2206,8400,9300,18000,18900
2207,2700,8100,12300,17700
2208,8400,8100,18000,17700
2209,900,3000,10500,12600
2210,6000,5700,15600,15300
2211,3600,600,13200,10200
2212,3300,4200,12900,13800
2213,7200,8400,16800,18000
2214,8700,9600,18300,19200
2215,8400,1500,18000,11100
2216,3900,6900,13500,16500
2217,2100,900,11700,10500
2218,4200,900,13800,10500
2219,6600,6000,16200,15600
2220,6000,900,15600,10500
2221,5400,7500,15000,17100
2222,3300,4200,12900,13800
2223,1200,5100,10800,14700
2224,9600,7200,19200,16800
2225,3900,9600,13500,19200
2226,8700,5700,18300,15300
2227,0,5400,9600,15000
2228,5100,8100,14700,17700
2229,6000,1800,15600,11400
2230,3900,0,13500,9600
2231,1500,9000,11100,18600
2232,300,3300,9900,12900
2233,8700,0,18300,9600
2234,4800,900,14400,10500
2235,3900,5700,13500,15300
2236,4200,3000,13800,12600
2237,0,6300,9600,15900
2238,4200,8100,13800,17700
2239,5700,0,15300,9600
2240,4500,900,14100,10500
2241,3300,3300,12900,12900
2242,9600,5100,19200,14700
2243,2100,3300,11700,12900
2244,3600,3900,13200,13500
2245,3300,3300,12900,12900
2246,5400,5100,15000,14700
2247,6300,3900,15900,13500
2248,3000,6600,12600,16200
2249,9000,600,18600,10200
2250,6900,1800,16500,11400
2251,6300,9300,15900,18900
2252,2100,9300,11700,18900
2253,4800,3900,14400,13500
2254,900,6600,10500,16200
2255,1800,7800,11400,17400
2256,9600,8400,19200,18000
2257,5400,600,15000,10200
2258,7500,8400,17100,18000
2259,2400,3300,12000,12900
2260,6600,1200,16200,10800
2261,7500,2100,17100,11700
2262,9600,900,19200,10500
2263,2400,1200,12000,10800
2264,5400,7800,15000,17400
2265,600,6900,10200,16500
2266,7200,8100,16800,17700
2267,6900,2100,16500,11700
2268,1500,3000,11100,12600
2269,3000,7800,12600,17400
2270,1500,600,11100,10200
2271,300,8100,9900,17700
2272,0,3900,9600,13500
2273,2400,6000,12000,15600
2274,5400,3000,15000,12600
2275,300,3000,9900,12600
2276,900,9000,10500,18600
2277,3900,4800,13500,14400
2278,6600,5400,16200,15000
2279,6600,6900,16200,16500
2280,900,2400,10500,12000
2281,8400,1500,18000,11100
2282,6300,6900,15900,16500
2283,5400,1800,15000,11400
2284,9000,9000,18600,18600
2285,1800,5400,11400,15000
2286,5100,3300,14700,12900
2287,4800,5100,14400,14700
2288,9000,6300,18600,15900
2289,1200,8400,10800,18000
2290,7800,8400,17400,18000
2291,8100,4200,17700,13800
2292,3900,6600,13500,16200
2293,2100,600,11700,10200
2294,7200,2100,16800,11700
2295,300,9000,9900,18600
2296,8700,8400,18300,18000
2297,7500,3000,17100,12600
2298,5100,9300,14700,18900
2299,2700,5700,12300,15300
2300,6300,6600,15900,16200
2301,5400,4800,15000,14400
2302,6900,5400,16500,15000
2303,8100,7500,17700,17100
2304,7800,9600,17400,19200
2305,1500,7500,11100,17100
2306,8400,2100,18000,11700
2307,5400,9300,15000,18900
2308,5400,2700,15000,12300
2309,3300,6000,12900,15600
2310,4200,6000,13800,15600
2311,3300,600,12900,10200
2312,6600,3900,16200,13500
2313,7500,7500,17100,17100
2314,7200,8700,16800,18300
2315,7800,900,17400,10500
2316,8100,4200,17700,13800
2317,2100,3300,11700,12900
2318,3900,9600,13500,19200
2319,7500,1800,17100,11400
2320,6600,5100,16200,14700
2321,2100,6900,11700,16500
2322,3900,3300,13500,12900
2323,4200,5100,13800,14700
2324,9300,3300,18900,12900
2325,3300,4500,12900,14100
2326,5400,7500,15000,17100
2327,9600,2100,19200,11700
2328,9000,9000,18600,18600
2329,300,5100,9900,14700
2330,6600,8700,16200,18300
2331,6900,6000,16500,15600
2332,600,8400,10200,18000
2333,7800,0,17400,9600
2334,5100,2400,14700,12000
2335,7800,1500,17400,11100
2336,1200,8100,10800,17700
2337,6600,5700,16200,15300
2338,6900,9300,16500,18900
2339,6600,6900,16200,16500
2340,4500,9300,14100,18900
2341,3900,4800,13500,14400
2342,4500,2400,14100,12000
2343,300,9300,9900,18900
2344,1800,9300,11400,18900
2345,4200,3600,13800,13200
2346,6300,6300,15900,15900
2347,3000,900,12600,10500
2348,300,5100,9900,14700
2349,3000,1800,12600,11400
2350,7800,300,17400,9900
2351,6600,4500,16200,14100
2352,1800,6300,11400,15900
2353,9600,3300,19200,12900
2354,6000,8400,15600,18000
2355,9600,2700,19200,12300
2356,3300,6300,12900,15900
2357,9600,300,19200,9900
2358,5700,4500,15300,14100
2359,5700,1500,15300,11100
2360,6900,1500,16500,11100
2361,8100,0,17700,9600
2362,6000,1200,15600,10800
2363,3900,2700,13500,12300
2364,9300,5400,18900,15000
2365,5100,7800,14700,17400
2366,2400,2700,12000,12300
2367,3600,3000,13200,12600
2368,5700,7800,15300,17400
2369,6600,9300,16200,18900
2370,8700,2400,18300,12000
2371,0,9600,9600,19200
2372,5700,1800,15300,11400
2373,0,3600,9600,13200
2374,3600,7500,13200,17100
2375,8400,7200,18000,16800
2376,300,6600,9900,16200
2377,3600,4200,13200,13800
2378,5100,8700,14700,18300
2379,9000,4800,18600,14400
2380,3600,600,13200,10200
2381,1800,7800,11400,17400
2382,4800,7500,14400,17100
2383,0,1200,9600,10800
2384,6000,1800,15600,11400
2385,2400,7800,12000,17400
2386,5700,3300,15300,12900
2387,6600,6000,16200,15600
2388,3900,1200,13500,10800
2389,1800,2400,11400,12000
2390,6600,6600,16200,16200
2391,6000,300,15600,9900
2392,6300,4500,15900,14100
2393,0,8100,9600,17700
2394,8400,3000,18000,12600
2395,3900,6600,13500,16200
2396,6300,4200,15900,13800
2397,6000,5700,15600,15300
2398,2100,5700,11700,15300
2399,8400,8700,18000,18300
2400,3300,6000,12900,15600
2401,5700,6000,15300,15600
2402,4500,8700,14100,18300
2403,600,2700,10200,12300
2404,8400,7500,18000,17100
2405,3900,6600,13500,16200
2406,9600,3000,19200,12600
2407,1200,300,10800,9900
2408,4500,3000,14100,12600
2409,1500,7500,11100,17100
2410,4200,0,13800,9600
2411,5400,4500,15000,14100
2412,3900,6300,13500,15900
2413,600,300,10200,9900
2414,4200,1800,13800,11400
2415,9300,2100,18900,11700
2416,900,7500,10500,17100
2417,6300,7800,15900,17400
2418,5700,2400,15300,12000
2419,8100,5400,17700,15000
2420,6600,8400,16200,18000
2421,7800,4200,17400,13800
2422,4200,1200,13800,10800
2423,300,0,9900,9600
2424,600,7200,10200,16800
2425,4500,3000,14100,12600
2426,1500,8400,11100,18000
2427,6900,300,16500,9900
2428,300,7200,9900,16800
2429,4800,1800,14400,11400
2430,1500,4500,11100,14100
2431,9000,2100,18600,11700
2432,300,5700,9900,15300
2433,9600,4500,19200,14100
2434,9600,3600,19200,13200
2435,1500,4800,11100,14400
2436,3900,8100,13500,17700
2437,7800,5100,17400,14700
2438,1800,1200,11400,10800
2439,3600,4500,13200,14100
2440,8100,600,17700,10200
2441,3300,4800,12900,14400
2442,300,5700,9900,15300
2443,8700,7500,18300,17100
2444,3600,2100,13200,11700
2445,600,0,10200,9600
2446,4800,900,14400,10500
2447,9300,4200,18900,13800
2448,3900,7500,13500,17100
2449,2100,2400,11700,12000
2450,3300,7500,12900,17100
2451,5100,900,14700,10500
2452,5100,2700,14700,12300
2453,3000,3300,12600,12900
2454,6000,2100,15600,11700
2455,3900,8400,13500,18000
2456,7800,4200,17400,13800
2457,4500,9000,14100,18600
2458,3300,9000,12900,18600
2459,8400,3600,18000,13200
2460,5700,0,15300,9600
2461,0,1500,9600,11100
2462,3900,2400,13500,12000
2463,8100,7800,17700,17400
2464,5700,6000,15300,15600
2465,1800,300,11400,9900
2466,2400,2100,12000,11700
2467,5400,9300,15000,18900
2468,7500,300,17100,9900
2469,7500,2100,17100,11700
2470,6600,900,16200,10500
2471,3300,8700,12900,18300
2472,8400,5100,18000,14700
2473,9000,1200,18600,10800
2474,7200,4800,16800,14400
2475,0,8700,9600,18300
2476,8700,2400,18300,12000
2477,5400,1800,15000,11400
2478,3900,5400,13500,15000
2479,6000,3000,15600,12600
2480,6600,300,16200,9900
2481,6900,7200,16500,16800
2482,1200,6900,10800,16500
2483,3900,3900,13500,13500
2484,6000,7800,15600,17400
2485,4800,7800,14400,17400
2486,6900,3900,16500,13500
2487,4800,4500,14400,14100
2488,8700,3600,18300,13200
2489,9600,4500,19200,14100
2490,7500,0,17100,9600
2491,1500,0,11100,9600
2492,2100,5700,11700,15300
2493,2400,9000,12000,18600
2494,6000,5700,15600,15300
2495,9000,4500,18600,14100
2496,8700,5400,18300,15000
2497,7200,900,16800,10500
2498,2700,9000,12300,18600
2499,4500,6900,14100,16500
2500,1200,4500,10800,14100
2501,4200,3600,13800,13200
2502,6900,4800,16500,14400
2503,900,7800,10500,17400
2504,3300,8100,12900,17700
2505,3000,3000,12600,12600
2506,4500,7200,14100,16800
2507,9600,300,19200,9900
2508,5100,4800,14700,14400
2509,7200,6300,16800,15900
2510,4500,7200,14100,16800
2511,8100,5100,17700,14700
2512,6600,1200,16200,10800
2513,6000,3900,15600,13500
2514,3600,5400,13200,15000
2515,7200,5700,16800,15300
2516,600,9000,10200,18600
2517,4200,6900,13800,16500
2518,7200,4500,16800,14100
2519,6600,7200,16200,16800
2520,3300,3300,12900,12900
2521,4800,8700,14400,18300
2522,7200,6300,16800,15900
2523,2400,6900,12000,16500
2524,6000,300,15600,9900
2525,6900,300,16500,9900
2526,8100,4500,17700,14100
2527,2700,3600,12300,13200
2528,6600,3600,16200,13200
2529,9000,8100,18600,17700
2530,5100,6600,14700,16200
2531,1800,7800,11400,17400
2532,1800,6300,11400,15900
2533,2700,5400,12300,15000
2534,8400,6300,18000,15900
2535,9300,1200,18900,10800
2536,7800,3000,17400,12600
2537,600,1200,10200,10800
2538,1200,600,10800,10200
2539,4800,900,14400,10500
2540,7200,8400,16800,18000
2541,600,9000,10200,18600
2542,9300,8400,18900,18000
2543,9300,6300,18900,15900
2544,600,1200,10200,10800
2545,600,3000,10200,12600
2546,7800,900,17400,10500
2547,5100,3000,14700,12600
2548,0,3600,9600,13200
2549,2400,9600,12000,19200
2550,6300,7500,15900,17100
2551,2400,6900,12000,16500
2552,9000,7200,18600,16800
2553,5700,5400,15300,15000
2554,4500,7800,14100,17400
2555,7200,1200,16800,10800
2556,6300,8400,15900,18000
2557,1800,7800,11400,17400
2558,3000,5700,12600,15300
2559,1200,2400,10800,12000
2560,5700,9600,15300,19200
2561,5100,7200,14700,16800
2562,9300,3000,18900,12600
2563,900,600,10500,10200
2564,6600,3300,16200,12900
2565,4500,3600,14100,13200
2566,1800,7200,11400,16800
2567,2100,9600,11700,19200
2568,3900,900,13500,10500
2569,4200,0,13800,9600
2570,7200,5100,16800,14700
2571,1800,3600,11400,13200
2572,1500,1500,11100,11100
2573,6000,300,15600,9900
2574,5100,6300,14700,15900
2575,6900,3900,16500,13500
2576,9000,8400,18600,18000
2577,8400,5100,18000,14700
2578,1500,5700,11100,15300
2579,7500,3900,17100,13500
2580,3900,9300,13500,18900
2581,8700,2400,18300,12000
2582,0,1200,9600,10800
2583,3300,2400,12900,12000
2584,1500,6600,11100,16200
2585,0,3900,9600,13500
2586,7200,4800,16800,14400
2587,9600,300,19200,9900
2588,3600,9000,13200,18600
2589,4200,5700,13800,15300
2590,300,1800,9900,11400
2591,5700,2700,15300,12300
2592,3900,9600,13500,19200
2593,6000,5700,15600,15300
2594,5100,4800,14700,14400
2595,0,5400,9600,15000
2596,3900,4200,13500,13800
2597,6600,9300,16200,18900
2598,6600,6600,16200,16200
2599,1500,1500,11100,11100
2600,3600,300,13200,9900
2601,4500,3300,14100,12900
2602,6000,1800,15600,11400
2603,7800,900,17400,10500
2604,5100,8100,14700,17700
2605,4800,8700,14400,18300
2606,9600,4500,19200,14100
2607,1200,6000,10800,15600
2608,5700,3900,15300,13500
2609,6000,5700,15600,15300
2610,2100,6000,11700,15600
2611,6600,4500,16200,14100
2612,6900,0,16500,9600
2613,8700,8100,18300,17700
2614,3900,3000,13500,12600
2615,9600,9300,19200,18900
2616,6600,300,16200,9900
2617,300,8400,9900,18000
2618,7800,2400,17400,12000
2619,5400,8400,15000,18000
2620,6600,7200,16200,16800
2621,9600,300,19200,9900
2622,6600,3300,16200,12900
2623,2700,0,12300,9600
2624,7800,2400,17400,12000
2625,2100,3900,11700,13500
2626,1200,6600,10800,16200
2627,5100,3000,14700,12600
2628,6000,3900,15600,13500
2629,5400,3600,15000,13200
2630,7800,6000,17400,15600
2631,7200,6900,16800,16500
2632,5700,5700,15300,15300
2633,7500,1200,17100,10800
2634,3300,5400,12900,15000
2635,8400,9000,18000,18600
2636,4800,9300,14400,18900
2637,4200,900,13800,10500
2638,8400,9000,18000,18600
2639,0,4200,9600,13800
2640,2100,7200,11700,16800
2641,3600,2700,13200,12300
2642,1200,9000,10800,18600
2643,8400,4500,18000,14100
2644,5700,2700,15300,12300
2645,7800,9300,17400,18900
2646,8400,9600,18000,19200
2647,7800,8700,17400,18300
2648,1800,7800,11400,17400
2649,1200,4500,10800,14100
2650,1500,2700,11100,12300
2651,1200,5700,10800,15300
2652,6000,7200,15600,16800
2653,4500,2100,14100,11700
2654,6000,2100,15600,11700
2655,6900,7200,16500,16800
2656,6000,600,15600,10200
2657,5100,3000,14700,12600
2658,5700,7500,15300,17100
2659,5100,7500,14700,17100
2660,8100,3600,17700,13200
2661,8100,6000,17700,15600
2662,3300,4800,12900,14400
2663,6000,2400,15600,12000
2664,5100,1500,14700,11100
2665,300,6600,9900,16200
2666,3600,1500,13200,11100
2667,8700,9600,18300,19200
2668,2100,6300,11700,15900
2669,9000,6600,18600,16200
2670,600,6900,10200,16500
2671,3600,9000,13200,18600
2672,2700,4800,12300,14400
2673,5100,5700,14700,15300
2674,900,8700,10500,18300
2675,6300,2700,15900,12300
2676,6900,3000,16500,12600
2677,1500,1500,11100,11100
2678,0,7500,9600,17100
2679,600,3000,10200,12600
2680,5100,8400,14700,18000
2681,3000,7800,12600,17400
2682,7500,2400,17100,12000
2683,1500,9600,11100,19200
2684,4500,3300,14100,12900
2685,6000,6900,15600,16500
2686,3000,2400,12600,12000
2687,4200,6900,13800,16500
2688,5100,4500,14700,14100
2689,1500,2700,11100,12300
2690,5100,1500,14700,11100
2691,4500,6600,14100,16200
2692,3600,2400,13200,12000
2693,3900,9300,13500,18900
2694,3000,7200,12600,16800
2695,6600,5400,16200,15000
2696,2700,5100,12300,14700
2697,4800,2700,14400,12300
2698,8700,5100,18300,14700
2699,7500,5700,17100,15300
2700,6300,600,15900,10200
2701,2700,6300,12300,15900
2702,2400,4800,12000,14400
2703,5100,900,14700,10500
2704,8400,6000,18000,15600
2705,2700,7500,12300,17100
2706,3600,3300,13200,12900
2707,5400,900,15000,10500
2708,2400,2400,12000,12000
2709,4800,3300,14400,12900
2710,4500,6600,14100,16200
2711,5700,3900,15300,13500
2712,2100,3900,11700,13500
2713,5100,1800,14700,11400
2714,8100,7800,17700,17400
2715,900,5400,10500,15000
2716,3300,900,12900,10500
2717,5700,600,15300,10200
2718,2700,3600,12300,13200
2719,7200,300,16800,9900
2720,5700,6300,15300,15900
2721,2400,3000,12000,12600
2722,600,7500,10200,17100
2723,1800,6300,11400,15900
2724,1800,3600,11400,13200
2725,1500,6900,11100,16500
2726,8400,8700,18000,18300
2727,7800,7200,17400,16800
2728,5400,8400,15000,18000
2729,900,4200,10500,13800
2730,3300,4800,12900,14400
2731,8700,5700,18300,15300
2732,2100,8100,11700,17700
2733,4200,9300,13800,18900
2734,9000,7200,18600,16800
2735,2400,6900,12000,16500
2736,3600,8400,13200,18000
2737,6300,7500,15900,17100
2738,2100,3300,11700,12900
2739,8400,3900,18000,13500
2740,4200,1500,13800,11100
2741,3000,7500,12600,17100
2742,5100,4800,14700,14400
2743,600,5700,10200,15300
2744,8100,8700,17700,18300
2745,5100,6300,14700,15900
2746,0,900,9600,10500
2747,5100,9000,14700,18600
2748,3600,3900,13200,13500
2749,300,7200,9900,16800
2750,7800,4500,17400,14100
2751,7800,9300,17400,18900
2752,5400,5100,15000,14700
2753,3600,900,13200,10500
2754,3300,1200,12900,10800
2755,900,3000,10500,12600
2756,7800,3300,17400,12900
2757,6300,1500,15900,11100
2758,2100,4800,11700,14400
2759,7200,3600,16800,13200
2760,900,3600,10500,13200
2761,600,3300,10200,12900
2762,900,5700,10500,15300
2763,4800,3600,14400,13200
2764,5700,4500,15300,14100
2765,3300,1200,12900,10800
2766,5400,9600,15000,19200
2767,8100,900,17700,10500
2768,300,4500,9900,14100
2769,2700,8700,12300,18300
2770,3900,8100,13500,17700
2771,5100,3600,14700,13200
2772,3300,5700,12900,15300
2773,3600,8100,13200,17700
2774,3000,8100,12600,17700
2775,1500,2100,11100,11700
2776,9600,9000,19200,18600
2777,2100,0,11700,9600
2778,6600,1200,16200,10800
2779,0,3300,9600,12900
2780,2700,8100,12300,17700
2781,1500,3600,11100,13200
2782,1200,3300,10800,12900
2783,8400,2100,18000,11700
2784,3000,9300,12600,18900
2785,8700,6000,18300,15600
2786,3900,4500,13500,14100
2787,0,6900,9600,16500
2788,5100,7200,14700,16800
2789,6300,1500,15900,11100
2790,7800,2100,17400,11700
2791,9300,7200,18900,16800
2792,7200,3900,16800,13500
2793,2100,4500,11700,14100
2794,9300,600,18900,10200
2795,4800,5400,14400,15000
2796,2400,1200,12000,10800
2797,8100,3300,17700,12900
2798,9300,4200,18900,13800
2799,900,4800,10500,14400
2800,3600,3000,13200,12600
2801,300,3900,9900,13500
2802,6000,3000,15600,12600
2803,0,5100,9600,14700
2804,3900,8400,13500,18000
2805,5400,5400,15000,15000
2806,5400,6900,15000,16500
2807,5100,6300,14700,15900
2808,1500,2400,11100,12000
2809,3600,900,13200,10500
2810,7800,2400,17400,12000
2811,5700,7500,15300,17100
2812,1500,6000,11100,15600
2813,7800,9600,17400,19200
2814,600,1800,10200,11400
2815,2400,600,12000,10200
2816,2100,9600,11700,19200
2817,8400,8700,18000,18300
2818,4500,3300,14100,12900
2819,7800,4200,17400,13800
2820,4800,7800,14400,17400
2821,5100,9000,14700,18600
2822,0,9600,9600,19200
2823,6600,7200,16200,16800
2824,3900,8700,13500,18300
2825,5400,1800,15000,11400
2826,9000,5400,18600,15000
2827,6300,9000,15900,18600
2828,4800,8400,14400,18000
2829,2700,4200,12300,13800
2830,8700,8400,18300,18000
2831,900,6600,10500,16200
2832,1500,9300,11100,18900
2833,5100,8400,14700,18000
2834,900,4800,10500,14400
2835,1800,8400,11400,18000
2836,8100,7200,17700,16800
2837,4200,8700,13800,18300
2838,600,5700,10200,15300
2839,2400,3600,12000,13200
2840,1500,6900,11100,16500
2841,6900,5700,16500,15300
2842,7500,6300,17100,15900
2843,5700,3600,15300,13200
2844,9600,8100,19200,17700
2845,5100,2400,14700,12000
2846,1200,900,10800,10500
2847,7500,8100,17100,17700
2848,5100,4500,14700,14100
2849,1200,4500,10800,14100
2850,6900,600,16500,10200
2851,900,1200,10500,10800
2852,9600,9000,19200,18600
2853,1800,300,11400,9900
2854,2400,3900,12000,13500
2855,9000,2400,18600,12000
2856,9300,6600,18900,16200
2857,3000,8100,12600,17700
2858,3300,4500,12900,14100
2859,2400,600,12000,10200
2860,900,6900,10500,16500
2861,8100,7500,17700,17100
2862,3600,4500,13200,14100
2863,4500,4200,14100,13800
2864,8700,0,18300,9600
2865,3900,6900,13500,16500
2866,1200,1800,10800,11400
2867,300,900,9900,10500
2868,5700,6300,15300,15900
2869,3000,9000,12600,18600
2870,2100,6000,11700,15600
2871,8700,3300,18300,12900
2872,4500,9000,14100,18600
2873,6900,9600,16500,19200
2874,6600,600,16200,10200
2875,3600,9600,13200,19200
2876,8400,4500,18000,14100
2877,6600,4800,16200,14400
2878,3900,4800,13500,14400
2879,5100,7500,14700,17100
2880,5100,0,14700,9600
2881,6300,2100,15900,11700
2882,5400,300,15000,9900
2883,9000,3900,18600,13500
2884,9600,7200,19200,16800
2885,3300,5400,12900,15000
2886,5700,8100,15300,17700
2887,6300,1200,15900,10800
2888,3900,6900,13500,16500
2889,6300,7200,15900,16800
2890,1200,2100,10800,11700
2891,3900,5100,13500,14700
2892,3300,3300,12900,12900
2893,3600,1800,13200,11400
2894,6600,6900,16200,16500
2895,3600,6600,13200,16200
2896,5700,1200,15300,10800
2897,6600,900,16200,10500
2898,8700,6300,18300,15900
2899,2400,8400,12000,18000
2900,1800,3900,11400,13500
2901,3300,3300,12900,12900
2902,9600,8400,19200,18000
2903,4500,6300,14100,15900
2904,1200,5100,10800,14700
2905,2100,0,11700,9600
2906,1500,2400,11100,12000
2907,7500,1500,17100,11100
2908,3900,6600,13500,16200
2909,5400,300,15000,9900
2910,8400,9000,18000,18600
2911,7800,4800,17400,14400
2912,900,3600,10500,13200
2913,4800,8700,14400,18300
2914,4200,9600,13800,19200
2915,2400,2700,12000,12300
2916,5700,6900,15300,16500
2917,1500,7500,11100,17100
2918,5100,6600,14700,16200
2919,7200,900,16800,10500
2920,2400,1800,12000,11400
2921,600,6900,10200,16500
2922,8400,7200,18000,16800
2923,8100,2400,17700,12000
2924,1500,6900,11100,16500
2925,4500,5100,14100,14700
2926,1800,1800,11400,11400
2927,2700,900,12300,10500
2928,7800,5100,17400,14700
2929,1500,6600,11100,16200
2930,5400,3900,15000,13500
2931,7200,600,16800,10200
2932,7200,300,16800,9900
2933,600,300,10200,9900
2934,4200,7200,13800,16800
2935,3900,8100,13500,17700
2936,5100,5700,14700,15300
2937,0,2100,9600,11700
2938,8700,5700,18300,15300
2939,1500,8100,11100,17700
2940,4500,3600,14100,13200
2941,900,3000,10500,12600
2942,9000,3000,18600,12600
2943,4500,1800,14100,11400
2944,1800,5700,11400,15300
2945,2100,8700,11700,18300
2946,5400,9300,15000,18900
2947,7800,9300,17400,18900
2948,8400,6900,18000,16500
2949,5700,1200,15300,10800
2950,5700,8100,15300,17700
2951,2400,9600,12000,19200
2952,3300,8400,12900,18000
2953,4200,2400,13800,12000
2954,4500,1800,14100,11400
2955,3300,4800,12900,14400
2956,6900,5700,16500,15300
2957,1800,6600,11400,16200
2958,1200,3300,10800,12900
2959,3000,6300,12600,15900
2960,900,8700,10500,18300
2961,9000,5700,18600,15300
2962,1500,9300,11100,18900
2963,0,0,9600,9600
2964,8100,300,17700,9900
2965,900,2100,10500,11700
2966,9300,300,18900,9900
2967,2700,600,12300,10200
2968,2400,6300,12000,15900
2969,2700,7200,12300,16800
2970,1800,5400,11400,15000
2971,3300,8100,12900,17700
2972,6000,2100,15600,11700
2973,2700,7800,12300,17400
2974,5100,8700,14700,18300
2975,8400,3900,18000,13500
2976,3000,1200,12600,10800
2977,5400,7800,15000,17400
2978,7500,1500,17100,11100
2979,2400,300,12000,9900
2980,300,8100,9900,17700
2981,6000,0,15600,9600
2982,2700,0,12300,9600
2983,3600,9600,13200,19200
2984,7200,9000,16800,18600
2985,4800,600,14400,10200
2986,1800,1800,11400,11400
2987,2400,7800,12000,17400
2988,3900,3000,13500,12600
2989,5700,6000,15300,15600
2990,5400,4200,15000,13800
2991,5700,3900,15300,13500
2992,4200,1800,13800,11400
2993,5100,5100,14700,14700
2994,1800,5100,11400,14700
2995,1800,8700,11400,18300
2996,2700,5100,12300,14700
2997,8700,1800,18300,11400
2998,6300,4800,15900,14400
2999,8700,4500,18300,14100
3000,7800,2700,17400,12300
3001,1500,1800,11100,11400
3002,6900,9300,16500,18900
3003,7500,1200,17100,10800
3004,5400,0,15000,9600
3005,9600,8700,19200,18300
3006,1200,8700,10800,18300
3007,600,1500,10200,11100
3008,1200,0,10800,9600
3009,0,4200,9600,13800
3010,300,8100,9900,17700
3011,600,8700,10200,18300
3012,3600,5400,13200,15000
3013,7200,6900,16800,16500
3014,2400,3600,12000,13200
3015,3300,5400,12900,15000
3016,3300,6000,12900,15600
3017,1200,4200,10800,13800
3018,6000,4200,15600,13800
3019,2400,5700,12000,15300
3020,600,0,10200,9600
3021,8700,2700,18300,12300
3022,4500,0,14100,9600
3023,8400,7200,18000,16800
3024,1800,8700,11400,18300
3025,8100,7800,17700,17400
3026,4800,2400,14400,12000
3027,5400,4500,15000,14100
3028,6000,3300,15600,12900
3029,0,6000,9600,15600
3030,9300,300,18900,9900
3031,9000,2700,18600,12300
3032,300,4500,9900,14100
3033,3300,1200,12900,10800
3034,1200,7200,10800,16800
3035,9300,4500,18900,14100
3036,2400,6900,12000,16500
3037,9000,9000,18600,18600
3038,6000,5700,15600,15300
3039,5100,4200,14700,13800
3040,2700,3000,12300,12600
3041,7200,2100,16800,11700
3042,9600,1800,19200,11400
3043,1800,7500,11400,17100
3044,9300,8400,18900,18000
3045,7500,7500,17100,17100
3046,8100,8700,17700,18300
3047,3900,300,13500,9900
3048,8400,0,18000,9600
3049,9600,1800,19200,11400
3050,5100,1200,14700,10800
3051,6300,4200,15900,13800
3052,900,6300,10500,15900
3053,8700,8700,18300,18300
3054,1800,7200,11400,16800
3055,9000,2400,18600,12000
3056,1500,600,11100,10200
3057,3000,9000,12600,18600
3058,5100,1500,14700,11100
3059,1500,0,11100,9600
3060,0,9300,9600,18900
3061,9300,1500,18900,11100
3062,5700,1500,15300,11100
3063,7800,3600,17400,13200
3064,3300,7200,12900,16800
3065,8100,1500,17700,11100
3066,3300,4800,12900,14400
3067,6300,9000,15900,18600
3068,8400,2700,18000,12300
3069,3900,3300,13500,12900
3070,9600,7500,19200,17100
3071,3300,4500,12900,14100
3072,9000,6900,18600,16500
3073,2400,1500,12000,11100
3074,3900,1800,13500,11400
3075,8100,9300,17700,18900
3076,0,6000,9600,15600
3077,4800,2700,14400,12300
3078,7500,8100,17100,17700
3079,1800,2400,11400,12000
3080,0,8100,9600,17700
3081,6900,1800,16500,11400
3082,7800,2400,17400,12000
3083,5700,4200,15300,13800
3084,9600,3600,19200,13200
3085,1200,5100,10800,14700
3086,3600,4200,13200,13800
3087,3900,2400,13500,12000
3088,4200,3000,13800,12600
3089,7800,8400,17400,18000
3090,300,2700,9900,12300
3091,9600,6900,19200,16500
3092,8700,9300,18300,18900
3093,8400,6300,18000,15900
3094,0,9300,9600,18900
3095,4500,2400,14100,12000
3096,1200,6900,10800,16500
3097,5700,1500,15300,11100
3098,3000,900,12600,10500
3099,4800,8700,14400,18300
3100,900,4200,10500,13800
3101,5400,5700,15000,15300
3102,3000,0,12600,9600
3103,5400,6900,15000,16500
3104,4800,2400,14400,12000
3105,4800,1200,14400,10800
3106,9000,8100,18600,17700
3107,4800,9600,14400,19200
3108,9300,6300,18900,15900
3109,5400,9000,15000,18600
3110,4200,1200,13800,10800
3111,2400,8100,12000,17700
3112,2100,2400,11700,12000
3113,3900,8400,13500,18000
3114,6600,8400,16200,18000
3115,1800,8700,11400,18300
3116,900,3900,10500,13500
3117,9600,6300,19200,15900
3118,8100,3300,17700,12900
3119,4500,6600,14100,16200
3120,900,9000,10500,18600
3121,9000,3900,18600,13500
3122,2700,6000,12300,15600
3123,8700,900,18300,10500
3124,3600,4200,13200,13800
3125,5400,3000,15000,12600
3126,1800,8400,11400,18000
3127,600,6300,10200,15900
3128,4800,3600,14400,13200
3129,2700,3000,12300,12600
3130,3600,4800,13200,14400
3131,5400,5400,15000,15000
3132,9000,8400,18600,18000
3133,9600,2100,19200,11700
3134,3000,6300,12600,15900
3135,7800,9300,17400,18900
3136,1800,300,11400,9900
3137,900,7800,10500,17400
3138,3300,5700,12900,15300
3139,7200,8100,16800,17700
3140,2400,3900,12000,13500
3141,9000,5400,18600,15000
3142,5700,5700,15300,15300
3143,9600,0,19200,9600
3144,9300,6600,18900,16200
3145,7500,9300,17100,18900
3146,1200,8100,10800,17700
3147,3600,5700,13200,15300
3148,3600,4800,13200,14400
3149,4200,6300,13800,15900
3150,8400,3600,18000,13200
3151,4500,3000,14100,12600
3152,4800,2700,14400,12300
3153,600,7500,10200,17100
3154,300,3600,9900,13200
3155,2100,600,11700,10200
3156,7500,1200,17100,10800
3157,2400,7500,12000,17100
3158,8400,2400,18000,12000
3159,3300,600,12900,10200
3160,8700,3000,18300,12600
3161,7500,8400,17100,18000
3162,9600,7800,19200,17400
3163,2400,4800,12000,14400
3164,1500,0,11100,9600
3165,7800,1500,17400,11100
3166,5700,3900,15300,13500
3167,7500,3300,17100,12900
3168,600,3600,10200,13200
3169,8700,900,18300,10500
3170,8100,4200,17700,13800
3171,9300,5100,18900,14700
3172,8100,4500,17700,14100
3173,6600,3000,16200,12600
3174,0,3900,9600,13500
3175,3000,2400,12600,12000
3176,2700,1200,12300,10800
3177,3000,9000,12600,18600
3178,9600,300,19200,9900
3179,8700,4200,18300,13800
3180,3000,4800,12600,14400
3181,1200,8100,10800,17700
3182,1800,8400,11400,18000
3183,9000,8400,18600,18000
3184,4800,7500,14400,17100
3185,4200,7800,13800,17400
3186,2100,1800,11700,11400
3187,1500,4800,11100,14400
3188,0,6000,9600,15600
3189,2400,7500,12000,17100
3190,3300,1200,12900,10800
3191,1200,9300,10800,18900
3192,6000,9600,15600,19200
3193,2400,4200,12000,13800
3194,7500,6900,17100,16500
3195,6000,3300,15600,12900
3196,7500,2100,17100,11700
3197,300,300,9900,9900
3198,3000,2700,12600,12300
3199,9000,5700,18600,15300
3200,5400,3000,15000,12600
3201,4500,7200,14100,16800
3202,8700,3600,18300,13200
3203,2100,3900,11700,13500
3204,8700,8400,18300,18000
3205,1800,4800,11400,14400
3206,600,1800,10200,11400
3207,900,9300,10500,18900
3208,0,5400,9600,15000
3209,3000,3600,12600,13200
3210,2100,9000,11700,18600
3211,3000,0,12600,9600
3212,3600,6300,13200,15900
3213,300,600,9900,10200
3214,9000,900,18600,10500
3215,8700,3900,18300,13500
3216,8100,8400,17700,18000
3217,0,4500,9600,14100
3218,9300,4500,18900,14100
3219,600,8400,10200,18000
3220,8700,7500,18300,17100
3221,5700,3600,15300,13200
3222,9600,600,19200,10200
3223,7500,600,17100,10200
3224,4800,300,14400,9900
3225,7500,6900,17100,16500
3226,7800,300,17400,9900
3227,9000,900,18600,10500
3228,8700,5700,18300,15300
3229,8700,6300,18300,15900
3230,9600,6900,19200,16500
3231,7800,8700,17400,18300
3232,3300,4200,12900,13800
3233,9300,300,18900,9900
3234,600,600,10200,10200
3235,1500,9300,11100,18900
3236,8100,2100,17700,11700
3237,9600,3900,19200,13500
3238,900,2400,10500,12000
3239,8100,9300,17700,18900
3240,5100,3900,14700,13500
3241,0,5700,9600,15300
3242,4500,3900,14100,13500
3243,8700,600,18300,10200
3244,1200,8100,10800,17700
3245,5700,8400,15300,18000
3246,3300,9600,12900,19200
3247,6900,9300,16500,18900
3248,8400,2100,18000,11700
3249,8700,8700,18300,18300
3250,2400,2400,12000,12000
3251,1800,600,11400,10200
3252,3300,7200,12900,16800
3253,1500,9600,11100,19200
3254,5400,9300,15000,18900
3255,7500,0,17100,9600
3256,4500,7500,14100,17100
3257,2700,7800,12300,17400
3258,3900,2400,13500,12000
3259,600,6600,10200,16200
3260,2700,9300,12300,18900
3261,1800,9000,11400,18600
3262,1500,6600,11100,16200
3263,4500,3600,14100,13200
3264,7800,9300,17400,18900
3265,9300,600,18900,10200
3266,3300,2700,12900,12300
3267,9600,0,19200,9600
3268,7800,3900,17400,13500
3269,9600,4500,19200,14100
3270,3300,8400,12900,18000
3271,6000,8400,15600,18000
3272,6600,8100,16200,17700
3273,5100,8700,14700,18300
3274,8400,7500,18000,17100
3275,5400,0,15000,9600
3276,6600,300,16200,9900
3277,1800,3300,11400,12900
3278,9600,3900,19200,13500
3279,7800,4800,17400,14400
3280,3300,2700,12900,12300
3281,900,2700,10500,12300
3282,1800,7200,11400,16800
3283,4200,7500,13800,17100
3284,6900,3600,16500,13200
3285,6600,5700,16200,15300
3286,6300,6000,15900,15600
3287,3900,6600,13500,16200
3288,9600,9300,19200,18900
3289,5100,8100,14700,17700
3290,8700,9300,18300,18900
3291,3900,0,13500,9600
3292,300,4200,9900,13800
3293,2100,300,11700,9900
3294,3900,8100,13500,17700
3295,2700,4200,12300,13800
3296,2700,8700,12300,18300
3297,8100,4500,17700,14100
3298,3300,8700,12900,18300
3299,1200,300,10800,9900
3300,3600,7200,13200,16800
3301,8400,6000,18000,15600
3302,0,9000,9600,18600
3303,7500,2400,17100,12000
3304,6000,300,15600,9900
3305,4800,2400,14400,12000
3306,9000,4200,18600,13800
3307,900,5700,10500,15300
3308,8400,2100,18000,11700
3309,9600,2700,19200,12300
3310,2400,6300,12000,15900
3311,9600,2100,19200,11700
3312,2400,9000,12000,18600
3313,7800,5400,17400,15000
3314,5100,300,14700,9900
3315,8700,9300,18300,18900
3316,1500,2400,11100,12000
3317,8400,2100,18000,11700
3318,3300,300,12900,9900
3319,7200,4200,16800,13800
3320,600,3900,10200,13500
3321,8400,3900,18000,13500
3322,5400,8700,15000,18300
3323,9300,6900,18900,16500
3324,6000,2700,15600,12300
3325,900,1200,10500,10800
3326,6900,2100,16500,11700
3327,9300,6000,18900,15600
3328,3600,300,13200,9900
3329,2100,3000,11700,12600
3330,6000,8100,15600,17700
3331,3600,8700,13200,18300
3332,8700,600,18300,10200
3333,8100,6300,17700,15900
3334,2700,7200,12300,16800
3335,6900,9300,16500,18900
3336,6300,5700,15900,15300
3337,1500,6300,11100,15900
3338,3300,7800,12900,17400
3339,9300,1800,18900,11400
3340,6300,7800,15900,17400
3341,900,9600,10500,19200
3342,1800,900,11400,10500
3343,900,4500,10500,14100
3344,4800,4800,14400,14400
3345,9300,0,18900,9600
3346,3000,600,12600,10200
3347,5100,1800,14700,11400
3348,4800,900,14400,10500
3349,8700,4500,18300,14100
3350,8100,9000,17700,18600
3351,5400,7500,15000,17100
3352,3900,8700,13500,18300
3353,4800,2700,14400,12300
3354,1500,8700,11100,18300
3355,9300,2400,18900,12000
3356,9600,1500,19200,11100
3357,300,6000,9900,15600
3358,8400,4500,18000,14100
3359,9300,8700,18900,18300
3360,6900,9600,16500,19200
3361,900,2400,10500,12000
3362,9300,9600,18900,19200
3363,7800,7500,17400,17100
3364,6600,5700,16200,15300
3365,2100,5100,11700,14700
3366,9300,7800,18900,17400
3367,3900,6000,13500,15600
3368,1500,2100,11100,11700
3369,6300,3000,15900,12600
3370,3300,300,12900,9900
3371,6900,4500,16500,14100
3372,9300,4200,18900,13800
3373,8400,9300,18000,18900
3374,8100,2400,17700,12000
3375,0,5400,9600,15000
3376,3900,900,13500,10500
3377,6000,5400,15600,15000
3378,300,3900,9900,13500
3379,2100,5100,11700,14700
3380,300,7200,9900,16800
3381,5400,8700,15000,18300
3382,6300,5100,15900,14700
3383,4200,3900,13800,13500
3384,2100,1500,11700,11100
3385,6900,4200,16500,13800
3386,0,7200,9600,16800
3387,6900,7800,16500,17400
3388,3000,2100,12600,11700
3389,8400,300,18000,9900
3390,9000,6900,18600,16500
3391,6300,3600,15900,13200
3392,7800,9600,17400,19200
3393,5400,5700,15000,15300
3394,8100,3300,17700,12900
3395,2700,3600,12300,13200
3396,8700,7800,18300,17400
3397,6600,9000,16200,18600
3398,4500,6000,14100,15600
3399,2700,300,12300,9900
3400,2100,3000,11700,12600
3401,1800,1200,11400,10800
3402,6000,0,15600,9600
3403,6300,3600,15900,13200
3404,2100,4800,11700,14400
3405,3000,7500,12600,17100
3406,1800,9600,11400,19200
3407,3300,5700,12900,15300
3408,3300,7200,12900,16800
3409,4200,600,13800,10200
3410,0,3300,9600,12900
3411,5700,9300,15300,18900
3412,1800,2100,11400,11700
3413,0,3900,9600,13500
3414,1200,8700,10800,18300
3415,4200,7200,13800,16800
3416,8400,7500,18000,17100
3417,9000,9300,18600,18900
3418,4200,5700,13800,15300
3419,6300,6000,15900,15600
3420,900,4200,10500,13800
3421,8400,6300,18000,15900
3422,300,9300,9900,18900
3423,7800,9600,17400,19200
3424,8100,3900,17700,13500
3425,4200,2100,13800,11700
3426,9600,6900,19200,16500
3427,9600,6900,19200,16500
3428,4800,7800,14400,17400
3429,5100,0,14700,9600
3430,8100,6900,17700,16500
3431,8100,7800,17700,17400
3432,6000,2100,15600,11700
3433,3900,5700,13500,15300
3434,3600,5700,13200,15300
3435,6000,5400,15600,15000
3436,1200,8400,10800,18000
3437,5700,7800,15300,17400
3438,0,2400,9600,12000
3439,3000,300,12600,9900
3440,6900,1500,16500,11100
3441,3900,5700,13500,15300
3442,7200,300,16800,9900
3443,1200,4500,10800,14100
3444,5700,6600,15300,16200
3445,5400,2700,15000,12300
3446,8700,7500,18300,17100
3447,4500,8100,14100,17700
3448,9600,1200,19200,10800
3449,7800,7200,17400,16800
3450,0,6900,9600,16500
3451,9000,7800,18600,17400
3452,6000,6900,15600,16500
3453,6900,4500,16500,14100
3454,4800,7800,14400,17400
3455,2100,4500,11700,14100
3456,6600,3600,16200,13200
3457,9600,8100,19200,17700
3458,3300,300,12900,9900
3459,9600,900,19200,10500
3460,3600,6600,13200,16200
3461,7800,4200,17400,13800
3462,1200,3600,10800,13200
3463,2100,0,11700,9600
3464,5700,7200,15300,16800
3465,300,3900,9900,13500
3466,7200,2100,16800,11700
3467,1200,2400,10800,12000
3468,5100,3300,14700,12900
3469,5700,7200,15300,16800
3470,4500,3600,14100,13200
3471,4200,7200,13800,16800
3472,900,9300,10500,18900
3473,7500,2400,17100,12000
3474,4800,3300,14400,12900
3475,3300,9000,12900,18600
3476,5100,4800,14700,14400
3477,8400,7500,18000,17100
3478,5700,9300,15300,18900
3479,4800,5700,14400,15300
3480,0,3900,9600,13500
3481,2100,4800,11700,14400
3482,3600,2700,13200,12300
3483,9000,6300,18600,15900
3484,6600,2400,16200,12000
3485,3900,900,13500,10500
3486,9000,1800,18600,11400
3487,1800,8400,11400,18000
3488,4800,5400,14400,15000
3489,0,2700,9600,12300
3490,6000,5700,15600,15300
3491,9600,7200,19200,16800
3492,4800,5100,14400,14700
3493,7200,2100,16800,11700
3494,8400,9600,18000,19200
3495,3900,300,13500,9900
3496,1800,6600,11400,16200
3497,6900,1500,16500,11100
3498,0,6000,9600,15600
3499,7200,2400,16800,12000
3500,1200,7500,10800,17100
3501,6000,1500,15600,11100
3502,7200,8100,16800,17700
3503,3000,9000,12600,18600
3504,7800,1200,17400,10800
3505,9300,6600,18900,16200
3506,7500,8700,17100,18300
3507,6900,7800,16500,17400
3508,4200,7500,13800,17100
3509,1200,600,10800,10200
3510,1500,5400,11100,15000
3511,9000,4200,18600,13800
3512,6600,1500,16200,11100
3513,3900,9600,13500,19200
3514,1200,8400,10800,18000
3515,5100,8100,14700,17700
3516,1500,8400,11100,18000
3517,8700,7500,18300,17100
3518,8100,6300,17700,15900
3519,5700,600,15300,10200
3520,7500,1800,17100,11400
3521,0,5700,9600,15300
3522,8100,6300,17700,15900
3523,1200,6000,10800,15600
3524,5700,3000,15300,12600
3525,9000,2700,18600,12300
3526,3900,2100,13500,11700
3527,2700,1800,12300,11400
3528,7500,9600,17100,19200
3529,2100,9000,11700,18600
3530,5700,5700,15300,15300
3531,7500,2700,17100,12300
3532,5100,4500,14700,14100
3533,4800,4200,14400,13800
3534,6600,4500,16200,14100
3535,3600,3000,13200,12600
3536,1200,4500,10800,14100
3537,6900,3000,16500,12600
3538,1500,2100,11100,11700
3539,4500,2400,14100,12000
3540,4200,6600,13800,16200
3541,9600,3600,19200,13200
3542,3000,1800,12600,11400
3543,2700,6900,12300,16500
3544,9000,1500,18600,11100
3545,7200,4800,16800,14400
3546,0,2400,9600,12000
3547,6900,4800,16500,14400
3548,8700,9600,18300,19200
3549,8700,7800,18300,17400
3550,9300,6600,18900,16200
3551,7500,600,17100,10200
3552,3600,8100,13200,17700
3553,2100,7500,11700,17100
3554,900,1800,10500,11400
3555,1200,6300,10800,15900
3556,7800,900,17400,10500
3557,4200,3300,13800,12900
3558,6900,3600,16500,13200
3559,1500,0,11100,9600
3560,9000,3600,18600,13200
3561,3000,5100,12600,14700
3562,4200,8100,13800,17700
3563,6300,3000,15900,12600
3564,900,1800,10500,11400
3565,0,4800,9600,14400
3566,5400,6300,15000,15900
3567,7200,9000,16800,18600
3568,7800,2400,17400,12000
3569,4200,7500,13800,17100
3570,3900,8400,13500,18000
3571,4200,6300,13800,15900
3572,900,8400,10500,18000
3573,5100,4800,14700,14400
3574,5700,2700,15300,12300
3575,5100,3600,14700,13200
3576,3900,1800,13500,11400
3577,7500,8700,17100,18300
3578,1200,9000,10800,18600
3579,1200,600,10800,10200
3580,8700,7200,18300,16800
3581,8700,4200,18300,13800
3582,9300,9300,18900,18900
3583,2400,8400,12000,18000
3584,1500,5700,11100,15300
3585,6300,0,15900,9600
3586,6600,2700,16200,12300
3587,6900,7800,16500,17400
3588,4200,5400,13800,15000
3589,9600,1200,19200,10800
3590,2100,9000,11700,18600
3591,7800,2700,17400,12300
3592,9000,9300,18600,18900
3593,2100,4200,11700,13800
3594,6300,2400,15900,12000
3595,3300,5400,12900,15000
3596,900,8700,10500,18300
3597,6900,8400,16500,18000
3598,300,9000,9900,18600
3599,5100,1800,14700,11400
3600,3300,0,12900,9600
3601,9000,4800,18600,14400
3602,5400,1800,15000,11400
3603,4500,8400,14100,18000
3604,9000,2700,18600,12300
3605,1500,9000,11100,18600
3606,5700,8100,15300,17700
3607,6600,8700,16200,18300
3608,5400,8700,15000,18300
3609,4500,2700,14100,12300
3610,1800,8700,11400,18300
3611,7800,300,17400,9900
3612,5400,600,15000,10200
3613,9000,9300,18600,18900
3614,2700,5100,12300,14700
3615,3000,4200,12600,13800
3616,4500,5100,14100,14700
3617,600,600,10200,10200
3618,9300,8100,18900,17700
3619,900,0,10500,9600
3620,3600,6000,13200,15600
3621,6900,7200,16500,16800
3622,9300,4200,18900,13800
3623,600,4200,10200,13800
3624,1200,9000,10800,18600
3625,3000,8700,12600,18300
3626,1200,600,10800,10200
3627,7800,300,17400,9900
3628,8100,8700,17700,18300
3629,2100,9300,11700,18900
3630,6900,4200,16500,13800
3631,2100,8400,11700,18000
3632,7800,9000,17400,18600
3633,900,4800,10500,14400
3634,1200,3600,10800,13200
3635,4500,7200,14100,16800
3636,8100,4200,17700,13800
3637,4800,2100,14400,11700
3638,1800,7200,11400,16800
3639,4800,300,14400,9900
3640,3300,2100,12900,11700
3641,6000,8700,15600,18300
3642,3300,300,12900,9900
3643,4800,8700,14400,18300
3644,6600,1200,16200,10800
3645,9300,9300,18900,18900
3646,3900,1500,13500,11100
3647,3900,9300,13500,18900
3648,8400,3000,18000,12600
3649,4800,1500,14400,11100
3650,4800,3900,14400,13500
3651,6600,4800,16200,14400
3652,3900,9300,13500,18900
3653,5400,6900,15000,16500
3654,1200,8100,10800,17700
3655,2100,8700,11700,18300
3656,4500,3600,14100,13200
3657,600,7200,10200,16800
3658,6000,7500,15600,17100
3659,9300,0,18900,9600
3660,600,7500,10200,17100
3661,7800,6900,17400,16500
3662,9600,7800,19200,17400
3663,5100,900,14700,10500
3664,3600,8400,13200,18000
3665,0,9600,9600,19200
3666,7800,6600,17400,16200
3667,6600,1500,16200,11100
3668,2400,9300,12000,18900
3669,300,3000,9900,12600
3670,5700,5700,15300,15300
3671,7500,5100,17100,14700
3672,600,2700,10200,12300
3673,6000,8700,15600,18300
3674,3600,7200,13200,16800
3675,3600,8400,13200,18000
3676,5400,6900,15000,16500
3677,8700,4800,18300,14400
3678,4200,4800,13800,14400
3679,300,8700,9900,18300
3680,2700,6000,12300,15600
3681,300,8400,9900,18000
3682,8100,1200,17700,10800
3683,0,1200,9600,10800
3684,5400,8700,15000,18300
3685,7800,9600,17400,19200
3686,1800,900,11400,10500
3687,3900,2700,13500,12300
3688,4800,3300,14400,12900
3689,7800,6000,17400,15600
3690,900,9300,10500,18900
3691,7800,9600,17400,19200
3692,1200,8700,10800,18300
3693,0,6600,9600,16200
3694,6900,5400,16500,15000
3695,3600,3300,13200,12900
3696,4500,3000,14100,12600
3697,3000,2100,12600,11700
3698,5100,7500,14700,17100
3699,5400,6000,15000,15600
3700,5100,7200,14700,16800
3701,1800,9600,11400,19200
3702,7200,2700,16800,12300
3703,4800,2100,14400,11700
3704,6900,600,16500,10200
3705,9000,3000,18600,12600
3706,6300,6900,15900,16500
3707,4500,4800,14100,14400
3708,900,5100,10500,14700
3709,0,3000,9600,12600
3710,8100,2400,17700,12000
3711,5400,8700,15000,18300
3712,5100,1500,14700,11100
3713,1500,2100,11100,11700
3714,600,600,10200,10200
3715,3000,6900,12600,16500
3716,5100,7200,14700,16800
3717,1800,9600,11400,19200
3718,4800,3600,14400,13200
3719,5700,9300,15300,18900
3720,9000,6600,18600,16200
3721,7200,8100,16800,17700
3722,3900,6900,13500,16500
3723,7200,7200,16800,16800
3724,1800,0,11400,9600
3725,7200,4500,16800,14100
3726,7800,5700,17400,15300
3727,9300,4500,18900,14100
3728,6600,8700,16200,18300
3729,6300,9600,15900,19200
3730,600,7800,10200,17400
3731,7200,7500,16800,17100
3732,5400,7800,15000,17400
3733,6900,600,16500,10200
3734,0,3900,9600,13500
3735,7200,8400,16800,18000
3736,8100,6300,17700,15900
3737,300,2700,9900,12300
3738,5400,6000,15000,15600
3739,8100,6900,17700,16500
3740,9300,3900,18900,13500
3741,8700,2400,18300,12000
3742,5700,8700,15300,18300
3743,1800,9300,11400,18900
3744,600,4500,10200,14100
3745,8700,6900,18300,16500
3746,2100,6600,11700,16200
3747,1500,8700,11100,18300
3748,8100,3600,17700,13200
3749,4200,600,13800,10200
3750,1500,9600,11100,19200
3751,900,6000,10500,15600
3752,5700,2100,15300,11700
3753,900,5700,10500,15300
3754,9000,2100,18600,11700
3755,8100,9000,17700,18600
3756,3600,0,13200,9600
3757,3000,6600,12600,16200
3758,7500,0,17100,9600
3759,900,3000,10500,12600
3760,9300,6000,18900,15600
3761,9600,7800,19200,17400
3762,8700,4800,18300,14400
3763,600,6000,10200,15600
3764,300,300,9900,9900
3765,8100,7800,17700,17400
3766,8400,3600,18000,13200
3767,3900,600,13500,10200
3768,5700,300,15300,9900
3769,3300,2700,12900,12300
3770,6600,8100,16200,17700
3771,6600,2700,16200,12300
3772,3600,7500,13200,17100
3773,8700,8700,18300,18300
3774,600,4800,10200,14400
3775,2100,7200,11700,16800
3776,900,0,10500,9600
3777,2400,6000,12000,15600
3778,6000,8400,15600,18000
3779,6900,5400,16500,15000
3780,7200,1500,16800,11100
3781,3600,3900,13200,13500
3782,3900,3900,13500,13500
3783,6600,1800,16200,11400
3784,6300,1500,15900,11100
3785,1800,8700,11400,18300
3786,300,3000,9900,12600
3787,5400,6600,15000,16200
3788,7800,1500,17400,11100
3789,5100,9300,14700,18900
3790,8700,5100,18300,14700
3791,7200,3000,16800,12600
3792,300,2400,9900,12000
3793,2100,5700,11700,15300
3794,0,0,9600,9600
3795,3600,3300,13200,12900
3796,3000,900,12600,10500
3797,6300,3300,15900,12900
3798,8400,5400,18000,15000
3799,5400,300,15000,9900
3800,4500,6000,14100,15600
3801,3300,4500,12900,14100
3802,7200,5700,16800,15300
3803,300,3300,9900,12900
3804,6000,2100,15600,11700
3805,3600,9300,13200,18900
3806,8400,7500,18000,17100
3807,3300,1800,12900,11400
3808,4500,4500,14100,14100
3809,6600,5100,16200,14700
3810,1500,7800,11100,17400
3811,5700,7500,15300,17100
3812,8400,1800,18000,11400
3813,4200,0,13800,9600
3814,6000,900,15600,10500
3815,3300,5700,12900,15300
3816,1800,5700,11400,15300
3817,5100,3300,14700,12900
3818,6600,0,16200,9600
3819,8400,6600,18000,16200
3820,6900,2100,16500,11700
3821,1200,1500,10800,11100
3822,6000,0,15600,9600
3823,600,4200,10200,13800
3824,5100,4200,14700,13800
3825,900,6000,10500,15600
3826,4200,4500,13800,14100
3827,8400,7200,18000,16800
3828,7800,2100,17400,11700
3829,7200,5700,16800,15300
3830,4800,1200,14400,10800
3831,4800,6300,14400,15900
3832,3000,1500,12600,11100
3833,3000,5100,12600,14700
3834,6600,2100,16200,11700
3835,7800,8400,17400,18000
3836,8100,5400,17700,15000
3837,300,300,9900,9900
3838,8100,2400,17700,12000
3839,0,8100,9600,17700
3840,6600,7500,16200,17100
3841,1500,4800,11100,14400
3842,9600,9600,19200,19200
3843,9000,3000,18600,12600
3844,6000,0,15600,9600
3845,6000,5700,15600,15300
3846,6600,9300,16200,18900
3847,7500,7200,17100,16800
3848,900,1800,10500,11400
3849,8700,6000,18300,15600
3850,6600,1200,16200,10800
3851,3900,300,13500,9900
3852,9000,8700,18600,18300
3853,6600,4200,16200,13800
3854,2400,600,12000,10200
3855,900,5400,10500,15000
3856,8700,2700,18300,12300
3857,3900,3000,13500,12600
3858,3300,7200,12900,16800
3859,9000,2100,18600,11700
3860,1500,2100,11100,11700
3861,5400,3000,15000,12600
3862,1200,2100,10800,11700
3863,3600,2700,13200,12300
3864,6300,4200,15900,13800
3865,9600,600,19200,10200
3866,900,8400,10500,18000
3867,600,6300,10200,15900
3868,5400,5100,15000,14700
3869,8100,3000,17700,12600
3870,3900,5100,13500,14700
3871,9000,9000,18600,18600
3872,7500,4200,17100,13800
3873,4800,5100,14400,14700
3874,2100,7500,11700,17100
3875,6300,5100,15900,14700
3876,3600,3300,13200,12900
3877,9300,6600,18900,16200
3878,5100,4200,14700,13800
3879,1500,3600,11100,13200
3880,6300,1200,15900,10800
3881,9000,2100,18600,11700
3882,4800,2100,14400,11700
3883,9600,7800,19200,17400
3884,8700,8400,18300,18000
3885,300,7800,9900,17400
3886,6300,8700,15900,18300
3887,7500,4200,17100,13800
3888,5700,1200,15300,10800
3889,1200,9300,10800,18900
3890,7200,9000,16800,18600
3891,5400,6000,15000,15600
3892,6000,300,15600,9900
3893,9600,8400,19200,18000
3894,3900,900,13500,10500
3895,8100,6600,17700,16200
3896,5100,6600,14700,16200
3897,5700,6000,15300,15600
3898,2400,2400,12000,12000
3899,5700,3600,15300,13200
3900,3000,2100,12600,11700
3901,4800,9600,14400,19200
3902,3600,4500,13200,14100
3903,2400,5400,12000,15000
3904,6600,8700,16200,18300
3905,3600,8700,13200,18300
3906,300,1200,9900,10800
3907,2700,7200,12300,16800
3908,9600,7200,19200,16800
3909,7800,300,17400,9900
3910,5100,9600,14700,19200
3911,4500,7800,14100,17400
3912,1800,1200,11400,10800
3913,6000,5100,15600,14700
3914,6000,5400,15600,15000
3915,6900,6900,16500,16500
3916,0,3000,9600,12600
3917,4200,9000,13800,18600
3918,7500,7200,17100,16800
3919,6000,4800,15600,14400
3920,9300,6600,18900,16200
3921,0,7500,9600,17100
3922,6900,7200,16500,16800
3923,6000,9600,15600,19200
3924,5400,5400,15000,15000
3925,5700,8100,15300,17700
3926,7800,8700,17400,18300
3927,5700,7800,15300,17400
3928,7800,3000,17400,12600
3929,8700,5100,18300,14700
3930,7200,8100,16800,17700
3931,8100,6300,17700,15900
3932,5700,6300,15300,15900
3933,8100,3600,17700,13200
3934,0,3600,9600,13200
3935,4200,6900,13800,16500
3936,8700,0,18300,9600
3937,1500,3000,11100,12600
3938,3300,6600,12900,16200
3939,0,8400,9600,18000
3940,8700,5400,18300,15000
3941,5400,3000,15000,12600
3942,3900,5400,13500,15000
3943,3600,300,13200,9900
3944,8700,4500,18300,14100
3945,7800,9600,17400,19200
3946,3300,6300,12900,15900
3947,3000,4200,12600,13800
3948,7800,9000,17400,18600
3949,4800,7500,14400,17100
3950,3600,1800,13200,11400
3951,7800,7200,17400,16800
3952,8700,2100,18300,11700
3953,7800,4800,17400,14400
3954,5700,5700,15300,15300
3955,6300,2100,15900,11700
3956,7200,6900,16800,16500
3957,9300,3900,18900,13500
3958,2100,4200,11700,13800
3959,9000,3300,18600,12900
3960,8100,4200,17700,13800
3961,3900,5100,13500,14700
3962,7800,5700,17400,15300
3963,3300,8400,12900,18000
3964,8100,900,17700,10500
3965,3900,7500,13500,17100
3966,5400,0,15000,9600
3967,6000,1500,15600,11100
3968,4200,600,13800,10200
3969,6300,8400,15900,18000
3970,5100,2100,14700,11700
3971,4800,8400,14400,18000
3972,7800,7200,17400,16800
3973,9600,7200,19200,16800
3974,7800,8700,17400,18300
3975,2400,600,12000,10200
3976,2400,9000,12000,18600
3977,6600,3300,16200,12900
3978,2700,6900,12300,16500
3979,600,600,10200,10200
3980,9300,2100,18900,11700
3981,6600,2700,16200,12300
3982,5100,3000,14700,12600
3983,9600,4500,19200,14100
3984,5700,900,15300,10500
3985,2100,8700,11700,18300
3986,6600,9600,16200,19200
3987,2400,6600,12000,16200
3988,6300,7200,15900,16800
3989,7800,5400,17400,15000
3990,8400,4500,18000,14100
3991,5100,2100,14700,11700
3992,2700,3900,12300,13500
3993,4200,3600,13800,13200
3994,5100,4200,14700,13800
3995,7800,9600,17400,19200
3996,2100,5700,11700,15300
3997,7200,2100,16800,11700
3998,5100,2700,14700,12300
3999,6900,9000,16500,18600
4000,5700,5700,15300,15300
4001,7200,7200,16800,16800
4002,3900,3300,13500,12900
4003,7500,1500,17100,11100
4004,300,4500,9900,14100
4005,9000,4200,18600,13800
4006,3000,3600,12600,13200
4007,6000,4500,15600,14100
4008,6900,1500,16500,11100
4009,9300,300,18900,9900
4010,9600,4200,19200,13800
4011,1200,4500,10800,14100
4012,6300,3300,15900,12900
4013,3900,3600,13500,13200
4014,6600,900,16200,10500
4015,3600,5100,13200,14700
4016,1800,5400,11400,15000
4017,3900,6900,13500,16500
4018,6000,5700,15600,15300
4019,9000,4800,18600,14400
4020,3900,4800,13500,14400
4021,2700,2100,12300,11700
4022,4500,6000,14100,15600
4023,7500,9300,17100,18900
4024,3300,2700,12900,12300
4025,9000,3000,18600,12600
4026,4800,6000,14400,15600
4027,6300,5400,15900,15000
4028,9000,1500,18600,11100
4029,7500,8400,17100,18000
4030,9300,1500,18900,11100
4031,3000,9000,12600,18600
4032,8400,4800,18000,14400
4033,4200,6000,13800,15600
4034,3600,5400,13200,15000
4035,5700,2700,15300,12300
4036,8100,6600,17700,16200
4037,9000,600,18600,10200
4038,7200,1200,16800,10800
4039,6900,9000,16500,18600
4040,3300,5100,12900,14700
4041,4200,6600,13800,16200
4042,9000,6900,18600,16500
4043,3300,2700,12900,12300
4044,8400,6000,18000,15600
4045,4800,7500,14400,17100
4046,6600,600,16200,10200
4047,5700,900,15300,10500
4048,2700,1800,12300,11400
4049,3000,8100,12600,17700
4050,5700,7800,15300,17400
4051,2400,8400,12000,18000
4052,7200,6900,16800,16500
4053,0,9000,9600,18600
4054,2100,8100,11700,17700
4055,300,8100,9900,17700
4056,6000,5700,15600,15300
4057,7800,6300,17400,15900
4058,5700,7800,15300,17400
4059,2700,5700,12300,15300
4060,4800,6300,14400,15900
4061,1500,7200,11100,16800
4062,5100,6300,14700,15900
4063,0,2400,9600,12000
4064,4200,5100,13800,14700
4065,6900,7800,16500,17400
4066,8400,600,18000,10200
4067,4800,3000,14400,12600
4068,600,5100,10200,14700
4069,1800,2100,11400,11700
4070,2400,3600,12000,13200
4071,900,4200,10500,13800
4072,6600,7500,16200,17100
4073,5100,9600,14700,19200
4074,3600,1200,13200,10800
4075,9300,5100,18900,14700
4076,8400,2700,18000,12300
4077,5700,2400,15300,12000
4078,3300,4500,12900,14100
4079,6900,5700,16500,15300
4080,2400,5700,12000,15300
4081,5700,2700,15300,12300
4082,3600,9300,13200,18900
4083,900,600,10500,10200
4084,6000,5400,15600,15000
4085,2700,9600,12300,19200
4086,5400,6900,15000,16500
4087,5700,6600,15300,16200
4088,8100,2100,17700,11700
4089,9000,3000,18600,12600
4090,7800,3600,17400,13200
4091,2700,2700,12300,12300
4092,6900,5100,16500,14700
4093,4800,5400,14400,15000
4094,7200,9000,16800,18600
4095,1200,7200,10800,16800
4096,3300,0,12900,9600
4097,6600,2700,16200,12300
4098,1800,8700,11400,18300
4099,3300,9600,12900,19200
4100,3300,5700,12900,15300
4101,9600,2100,19200,11700
4102,1500,1500,11100,11100
4103,9000,5700,18600,15300
4104,2100,9000,11700,18600
4105,9600,5700,19200,15300
4106,600,3000,10200,12600
4107,5400,7500,15000,17100
4108,9000,300,18600,9900
4109,6900,9300,16500,18900
4110,8700,2100,18300,11700
4111,7800,1200,17400,10800
4112,1200,9000,10800,18600
4113,3900,1500,13500,11100
4114,0,6000,9600,15600
4115,900,2100,10500,11700
4116,6000,8400,15600,18000
4117,6000,7200,15600,16800
4118,7800,5400,17400,15000
4119,3000,3000,12600,12600
4120,7500,5400,17100,15000
4121,3900,2400,13500,12000
4122,3900,9600,13500,19200
4123,5700,8700,15300,18300
4124,4200,8100,13800,17700
4125,6000,4800,15600,14400
4126,9300,3900,18900,13500
4127,3900,3600,13500,13200
4128,8700,8400,18300,18000
4129,5100,900,14700,10500
4130,8700,9300,18300,18900
4131,900,2400,10500,12000
4132,4500,4800,14100,14400
4133,7800,2100,17400,11700
4134,4800,2100,14400,11700
4135,900,4200,10500,13800
4136,3900,4500,13500,14100
4137,4200,9300,13800,18900
4138,9300,5400,18900,15000
4139,900,0,10500,9600
4140,8400,1200,18000,10800
4141,5700,4800,15300,14400
4142,9300,1500,18900,11100
4143,6600,6900,16200,16500
4144,0,3600,9600,13200
4145,4800,6300,14400,15900
4146,2700,5100,12300,14700
4147,9600,3300,19200,12900
4148,7200,6000,16800,15600
4149,5100,8700,14700,18300
4150,2400,5100,12000,14700
4151,6900,1200,16500,10800
4152,4800,0,14400,9600
4153,9600,5100,19200,14700
4154,1500,6300,11100,15900
4155,9000,9300,18600,18900
4156,6000,6900,15600,16500
4157,3300,7800,12900,17400
4158,1500,5700,11100,15300
4159,9300,3900,18900,13500
4160,6600,7200,16200,16800
4161,5100,2700,14700,12300
4162,8100,3000,17700,12600
4163,4200,5700,13800,15300
4164,0,7500,9600,17100
4165,8100,9300,17700,18900
4166,6000,4800,15600,14400
4167,9300,4800,18900,14400
4168,0,5100,9600,14700
4169,9600,6300,19200,15900
4170,6300,1200,15900,10800
4171,5400,600,15000,10200
4172,4200,3900,13800,13500
4173,2400,8100,12000,17700
4174,5400,2100,15000,11700
4175,0,5700,9600,15300
4176,2100,9300,11700,18900
4177,2100,1500,11700,11100
4178,6600,9300,16200,18900
4179,3900,5700,13500,15300
4180,9600,5400,19200,15000
4181,1200,2700,10800,12300
4182,600,3300,10200,12900
4183,0,9600,9600,19200
4184,0,4200,9600,13800
4185,600,5400,10200,15000
4186,4800,6600,14400,16200
4187,0,6900,9600,16500
4188,2100,1500,11700,11100
4189,5700,6600,15300,16200
4190,5700,8700,15300,18300
4191,3300,6600,12900,16200
4192,1800,8700,11400,18300
4193,9000,6600,18600,16200
4194,5100,0,14700,9600
4195,3900,4500,13500,14100
4196,6000,1800,15600,11400
4197,6000,9300,15600,18900
4198,5400,8400,15000,18000
4199,9600,4500,19200,14100
4200,1200,1200,10800,10800
4201,1800,5100,11400,14700
4202,8700,0,18300,9600
4203,8400,900,18000,10500
4204,7800,4800,17400,14400
4205,300,3300,9900,12900
4206,7800,1800,17400,11400
4207,5400,2700,15000,12300
4208,9000,6000,18600,15600
4209,3600,5100,13200,14700
4210,7500,3600,17100,13200
4211,2700,6300,12300,15900
4212,1200,5100,10800,14700
4213,9600,2700,19200,12300
4214,3600,8700,13200,18300
4215,0,3900,9600,13500
4216,0,4800,9600,14400
4217,1800,8400,11400,18000
4218,8100,5700,17700,15300
4219,4800,6600,14400,16200
4220,1500,8100,11100,17700
4221,7500,3300,17100,12900
4222,6900,9000,16500,18600
4223,4200,7200,13800,16800
4224,9600,3600,19200,13200
4225,9300,7800,18900,17400
4226,3300,2700,12900,12300
4227,5700,6900,15300,16500
4228,600,4200,10200,13800
4229,6900,4800,16500,14400
4230,9300,9300,18900,18900
4231,7500,9600,17100,19200
4232,3000,0,12600,9600
4233,1500,5700,11100,15300
4234,0,6300,9600,15900
4235,5400,6300,15000,15900
4236,2400,6900,12000,16500
4237,4200,4500,13800,14100
4238,6000,1200,15600,10800
4239,3600,2700,13200,12300
4240,4500,3000,14100,12600
4241,2700,1800,12300,11400
4242,6300,3300,15900,12900
4243,2100,4200,11700,13800
4244,4200,3600,13800,13200
4245,7200,7500,16800,17100
4246,7200,5700,16800,15300
4247,9600,7500,19200,17100
4248,7800,4200,17400,13800
4249,1800,3300,11400,12900
4250,8100,6000,17700,15600
4251,8700,6300,18300,15900
4252,3600,600,13200,10200
4253,6300,600,15900,10200
4254,1800,4800,11400,14400
4255,6900,9600,16500,19200
4256,1500,6300,11100,15900
4257,5400,2100,15000,11700
4258,300,6900,9900,16500
4259,3600,900,13200,10500
4260,6900,1200,16500,10800
4261,9000,6300,18600,15900
4262,9000,2700,18600,12300
4263,8400,3600,18000,13200
4264,4200,7200,13800,16800
4265,6300,3300,15900,12900
4266,3900,2700,13500,12300
4267,600,0,10200,9600
4268,3900,0,13500,9600
4269,600,5100,10200,14700
4270,1200,8400,10800,18000
4271,600,1500,10200,11100
4272,4800,8100,14400,17700
4273,0,9300,9600,18900
4274,1200,1500,10800,11100
4275,3600,9300,13200,18900
4276,7800,600,17400,10200
4277,3300,1800,12900,11400
4278,8700,600,18300,10200
4279,300,2100,9900,11700
4280,3300,7800,12900,17400
4281,3600,5400,13200,15000
4282,8100,6300,17700,15900
4283,4500,6900,14100,16500
4284,8700,3900,18300,13500
4285,3900,8400,13500,18000
4286,9000,4800,18600,14400
4287,9600,4500,19200,14100
4288,3000,8700,12600,18300
4289,9600,2100,19200,11700
4290,6000,7800,15600,17400
4291,7500,8100,17100,17700
4292,9600,6600,19200,16200
4293,9000,2100,18600,11700
4294,2400,8700,12000,18300
4295,5100,6000,14700,15600
4296,8400,1500,18000,11100
4297,3900,3600,13500,13200
4298,0,1500,9600,11100
4299,7500,1800,17100,11400
4300,600,2700,10200,12300
4301,6900,5100,16500,14700
4302,900,1200,10500,10800
4303,3000,3600,12600,13200
4304,4500,4200,14100,13800
4305,6000,6900,15600,16500
4306,1200,3600,10800,13200
4307,8400,6300,18000,15900
4308,7500,9600,17100,19200
4309,1200,900,10800,10500
4310,7800,6600,17400,16200
4311,3600,900,13200,10500
4312,1500,9300,11100,18900
4313,7200,4800,16800,14400
4314,6600,9600,16200,19200
4315,8700,600,18300,10200
4316,5700,5700,15300,15300
4317,6300,5100,15900,14700
4318,1800,600,11400,10200
4319,4800,2700,14400,12300
4320,3600,1800,13200,11400
4321,8700,2100,18300,11700
4322,1800,6300,11400,15900
4323,5100,2700,14700,12300
4324,8400,7200,18000,16800
4325,900,5100,10500,14700
4326,8700,6300,18300,15900
4327,5100,6900,14700,16500
4328,7800,0,17400,9600
4329,3000,1800,12600,11400
4330,3900,9000,13500,18600
4331,2100,4500,11700,14100
4332,9300,5700,18900,15300
4333,5400,5700,15000,15300
4334,6000,6600,15600,16200
4335,5400,7500,15000,17100
4336,7800,4200,17400,13800
4337,5700,4500,15300,14100
4338,9300,7500,18900,17100
4339,1500,7500,11100,17100
4340,1500,8700,11100,18300
4341,1800,6900,11400,16500
4342,600,0,10200,9600
4343,2400,3900,12000,13500
4344,5400,1800,15000,11400
4345,2100,1500,11700,11100
4346,900,600,10500,10200
4347,4200,8100,13800,17700
4348,4200,1200,13800,10800
4349,300,9000,9900,18600
4350,5700,7500,15300,17100
4351,5400,2400,15000,12000
4352,8400,2400,18000,12000
4353,900,9000,10500,18600
4354,2100,5700,11700,15300
4355,9600,5400,19200,15000
4356,300,0,9900,9600
4357,8100,2400,17700,12000
4358,8400,7200,18000,16800
4359,9000,1800,18600,11400
4360,5100,9600,14700,19200
4361,9000,300,18600,9900
4362,6300,1200,15900,10800
4363,5100,2100,14700,11700
4364,900,1800,10500,11400
4365,5400,7800,15000,17400
4366,9000,9300,18600,18900
4367,8700,600,18300,10200
4368,1800,2100,11400,11700
4369,5400,8400,15000,18000
4370,1200,1200,10800,10800
4371,900,2700,10500,12300
4372,9000,4500,18600,14100
4373,8400,9600,18000,19200
4374,4200,9300,13800,18900
4375,6600,8700,16200,18300
4376,6600,300,16200,9900
4377,4500,4200,14100,13800
4378,2100,2100,11700,11700
4379,3300,8700,12900,18300
4380,1500,3300,11100,12900
4381,4200,5700,13800,15300
4382,9600,1800,19200,11400
4383,4800,600,14400,10200
4384,7500,4200,17100,13800
4385,9600,1200,19200,10800
4386,3000,5700,12600,15300
4387,5400,0,15000,9600
4388,6000,8100,15600,17700
4389,0,300,9600,9900
4390,2400,5100,12000,14700
4391,3300,5400,12900,15000
4392,2700,3000,12300,12600
4393,8100,2100,17700,11700
4394,2700,6000,12300,15600
4395,900,6900,10500,16500
4396,7800,600,17400,10200
4397,1500,3600,11100,13200
4398,1800,6000,11400,15600
4399,9600,900,19200,10500
4400,8400,5100,18000,14700
4401,3000,1800,12600,11400
4402,5700,4800,15300,14400
4403,3900,1800,13500,11400
4404,8700,9600,18300,19200
4405,4500,2100,14100,11700
4406,2700,9000,12300,18600
4407,3000,3600,12600,13200
4408,5100,7800,14700,17400
4409,1500,900,11100,10500
4410,9600,3600,19200,13200
4411,8700,2100,18300,11700
4412,7500,3900,17100,13500
4413,2400,7800,12000,17400
4414,3900,0,13500,9600
4415,2700,6000,12300,15600
4416,7500,4800,17100,14400
4417,4500,6900,14100,16500
4418,7200,9000,16800,18600
4419,1500,7200,11100,16800
4420,5400,8100,15000,17700
4421,300,7800,9900,17400
4422,3300,1500,12900,11100
4423,3000,4800,12600,14400
4424,3000,2700,12600,12300
4425,5400,8700,15000,18300
4426,0,3300,9600,12900
4427,900,7500,10500,17100
4428,1800,9000,11400,18600
4429,4500,4800,14100,14400
4430,9600,5700,19200,15300
4431,6900,1500,16500,11100
4432,6300,4800,15900,14400
4433,7800,600,17400,10200
4434,8400,2100,18000,11700
4435,7200,300,16800,9900
4436,8700,6000,18300,15600
4437,3600,4200,13200,13800
4438,300,6000,9900,15600
4439,3000,7200,12600,16800
4440,8400,3000,18000,12600
4441,6000,9000,15600,18600
4442,7500,7200,17100,16800
4443,7500,9000,17100,18600
4444,2100,4800,11700,14400
4445,8700,5400,18300,15000
4446,1200,6000,10800,15600
4447,2700,8100,12300,17700
4448,6900,5700,16500,15300
4449,4800,6600,14400,16200
4450,4500,3600,14100,13200
4451,4200,1200,13800,10800
4452,6000,2700,15600,12300
4453,5700,300,15300,9900
4454,6600,7200,16200,16800
4455,6300,4200,15900,13800
4456,1200,5100,10800,14700
4457,7500,8100,17100,17700
4458,9600,9600,19200,19200
4459,9300,3600,18900,13200
4460,6600,9000,16200,18600
4461,9600,9000,19200,18600
4462,6300,7200,15900,16800
4463,2700,7500,12300,17100
4464,900,9000,10500,18600
4465,2400,7800,12000,17400
4466,1500,6600,11100,16200
4467,3600,1500,13200,11100
4468,900,3000,10500,12600
4469,8700,6600,18300,16200
4470,6900,0,16500,9600
4471,300,2700,9900,12300
4472,3900,1800,13500,11400
4473,6900,7200,16500,16800
4474,8700,6300,18300,15900
4475,4200,1500,13800,11100
4476,8400,3600,18000,13200
4477,9300,5100,18900,14700
4478,2100,6900,11700,16500
4479,8700,6900,18300,16500
4480,7800,5700,17400,15300
4481,7500,4200,17100,13800
4482,5700,6300,15300,15900
4483,1200,6000,10800,15600
4484,1800,0,11400,9600
4485,3900,6000,13500,15600
4486,3300,7200,12900,16800
4487,600,5400,10200,15000
4488,0,2100,9600,11700
4489,0,9600,9600,19200
4490,9300,3600,18900,13200
4491,1800,7800,11400,17400
4492,8100,3300,17700,12900
4493,9600,3600,19200,13200
4494,7800,5400,17400,15000
4495,2400,0,12000,9600
4496,1800,1500,11400,11100
4497,3900,6300,13500,15900
4498,300,8400,9900,18000
4499,8400,4500,18000,14100
4500,6300,4200,15900,13800
4501,8400,900,18000,10500
4502,0,1200,9600,10800
4503,6000,5700,15600,15300
4504,1500,0,11100,9600
4505,9300,3300,18900,12900
4506,8400,1500,18000,11100
4507,2100,4800,11700,14400
4508,600,6600,10200,16200
4509,7200,300,16800,9900
4510,6300,1500,15900,11100
4511,600,9300,10200,18900
4512,5700,7200,15300,16800
4513,7500,9000,17100,18600
4514,3600,2400,13200,12000
4515,300,9300,9900,18900
4516,1500,9300,11100,18900
4517,900,9600,10500,19200
4518,300,1200,9900,10800
4519,0,8400,9600,18000
4520,2100,7800,11700,17400
4521,1800,5100,11400,14700
4522,7200,7800,16800,17400
4523,7800,600,17400,10200
4524,0,8700,9600,18300
4525,3600,300,13200,9900
4526,8700,8700,18300,18300
4527,7800,600,17400,10200
4528,6900,7500,16500,17100
4529,5100,3900,14700,13500
4530,4800,9000,14400,18600
4531,2700,8700,12300,18300
4532,1800,1800,11400,11400
4533,3000,5700,12600,15300
4534,2700,8700,12300,18300
4535,7500,1800,17100,11400
4536,2100,3900,11700,13500
4537,6600,2700,16200,12300
4538,2700,300,12300,9900
4539,1200,7800,10800,17400
4540,7500,300,17100,9900
4541,8100,6300,17700,15900
4542,300,4200,9900,13800
4543,5400,3300,15000,12900
4544,5700,0,15300,9600
4545,2700,600,12300,10200
4546,9000,8700,18600,18300
4547,8100,8100,17700,17700
4548,2100,600,11700,10200
4549,8400,7500,18000,17100
4550,3300,9000,12900,18600
4551,6300,6000,15900,15600
4552,3000,6900,12600,16500
4553,6000,9600,15600,19200
4554,7500,3000,17100,12600
4555,7800,600,17400,10200
4556,5100,3300,14700,12900
4557,1200,1500,10800,11100
4558,4800,0,14400,9600
4559,8700,3900,18300,13500
4560,9300,9600,18900,19200
4561,4200,5700,13800,15300
4562,9000,600,18600,10200
4563,3900,900,13500,10500
4564,8100,6300,17700,15900
4565,5100,2400,14700,12000
4566,600,7500,10200,17100
4567,6000,1200,15600,10800
4568,4500,7500,14100,17100
4569,3600,3900,13200,13500
4570,8400,4800,18000,14400
4571,1800,4200,11400,13800
4572,3900,9300,13500,18900
4573,600,1200,10200,10800
4574,9600,3600,19200,13200
4575,3300,4500,12900,14100
4576,3900,1500,13500,11100
4577,900,8400,10500,18000
4578,8700,8100,18300,17700
4579,9000,3600,18600,13200
4580,5700,4200,15300,13800
4581,7200,1800,16800,11400
4582,0,9600,9600,19200
4583,5400,4200,15000,13800
4584,900,2700,10500,12300
4585,5400,1200,15000,10800
4586,5100,8700,14700,18300
4587,8400,1800,18000,11400
4588,9600,2700,19200,12300
4589,6600,5400,16200,15000
4590,7800,600,17400,10200
4591,9300,4200,18900,13800
4592,1200,4200,10800,13800
4593,5100,1500,14700,11100
4594,7500,7500,17100,17100
4595,3300,7200,12900,16800
4596,1200,1800,10800,11400
4597,7800,6300,17400,15900
4598,300,2700,9900,12300
4599,9000,2400,18600,12000
4600,4800,4800,14400,14400
4601,2700,0,12300,9600
4602,5100,6300,14700,15900
4603,2100,2400,11700,12000
4604,6000,0,15600,9600
4605,7500,8100,17100,17700
4606,6300,1800,15900,11400
4607,6000,3300,15600,12900
4608,6900,3000,16500,12600
4609,300,8400,9900,18000
4610,1500,4200,11100,13800
4611,300,3300,9900,12900
4612,5400,3900,15000,13500
4613,2700,7800,12300,17400
4614,900,6600,10500,16200
4615,0,2100,9600,11700
4616,1800,4200,11400,13800
4617,4200,5400,13800,15000
4618,8700,7800,18300,17400
4619,8700,6900,18300,16500
4620,6300,7500,15900,17100
4621,1500,3900,11100,13500
4622,6300,3600,15900,13200
4623,900,2400,10500,12000
4624,2100,9600,11700,19200
4625,8700,7200,18300,16800
4626,3600,6000,13200,15600
4627,300,9000,9900,18600
4628,1200,9600,10800,19200
4629,4200,1200,13800,10800
4630,5700,3900,15300,13500
4631,1800,6900,11400,16500
4632,7200,9300,16800,18900
4633,600,5100,10200,14700
4634,8700,7800,18300,17400
4635,6600,8700,16200,18300
4636,5100,0,14700,9600
4637,8700,600,18300,10200
4638,0,4500,9600,14100
4639,300,3000,9900,12600
4640,7800,7200,17400,16800
4641,9000,5700,18600,15300
4642,6600,6000,16200,15600
4643,7500,3300,17100,12900
4644,1800,2700,11400,12300
4645,1500,3900,11100,13500
4646,9300,8100,18900,17700
4647,8700,5700,18300,15300
4648,9600,1500,19200,11100
4649,4200,5100,13800,14700
4650,3300,0,12900,9600
4651,3900,2700,13500,12300
4652,1200,6300,10800,15900
4653,1500,1500,11100,11100
4654,3300,2700,12900,12300
4655,5100,2400,14700,12000
4656,3300,0,12900,9600
4657,4800,3600,14400,13200
4658,7200,1800,16800,11400
4659,9300,3000,18900,12600
4660,1800,9600,11400,19200
4661,6600,8400,16200,18000
4662,7800,0,17400,9600
4663,6600,6900,16200,16500
4664,0,6600,9600,16200
4665,4500,9000,14100,18600
4666,8100,1500,17700,11100
4667,2400,4200,12000,13800
4668,300,9000,9900,18600
4669,300,7200,9900,16800
4670,7200,9300,16800,18900
4671,7200,2700,16800,12300
4672,3000,1800,12600,11400
4673,4500,3900,14100,13500
4674,6900,4200,16500,13800
4675,900,9600,10500,19200
4676,2100,9600,11700,19200
4677,8100,6600,17700,16200
4678,1500,5100,11100,14700
4679,2700,1200,12300,10800
4680,2700,5700,12300,15300
4681,2400,3000,12000,12600
4682,9600,5100,19200,14700
4683,6000,8400,15600,18000
4684,300,300,9900,9900
4685,7500,8400,17100,18000
4686,9300,3300,18900,12900
4687,3300,9300,12900,18900
4688,600,9000,10200,18600
4689,6000,9000,15600,18600
4690,8700,1500,18300,11100
4691,1800,3600,11400,13200
4692,1200,300,10800,9900
4693,4200,6600,13800,16200
4694,4200,5700,13800,15300
4695,3900,2700,13500,12300
4696,1800,2100,11400,11700
4697,4200,4800,13800,14400
4698,2700,7500,12300,17100
4699,2400,900,12000,10500
4700,1200,1500,10800,11100
4701,1800,6000,11400,15600
4702,6000,3000,15600,12600
4703,9600,4200,19200,13800
4704,3900,3900,13500,13500
4705,6300,9300,15900,18900
4706,2700,4500,12300,14100
4707,600,3000,10200,12600
4708,6600,900,16200,10500
4709,9300,5700,18900,15300
4710,7800,5700,17400,15300
4711,9600,2700,19200,12300
4712,8100,4200,17700,13800
4713,5400,3000,15000,12600
4714,6600,7500,16200,17100
4715,1500,1500,11100,11100
4716,9300,5100,18900,14700
4717,8400,7500,18000,17100
4718,3000,6900,12600,16500
4719,8400,2700,18000,12300
4720,4800,1800,14400,11400
4721,2700,4200,12300,13800
4722,6000,600,15600,10200
4723,3900,6900,13500,16500
4724,3900,9600,13500,19200
4725,0,6900,9600,16500
4726,1200,6300,10800,15900
4727,5100,6000,14700,15600
4728,2700,2400,12300,12000
4729,2100,1800,11700,11400
4730,1800,3900,11400,13500
4731,6900,8700,16500,18300
4732,1200,5700,10800,15300
4733,5700,8700,15300,18300
4734,900,300,10500,9900
4735,6000,7500,15600,17100
4736,1200,0,10800,9600
4737,2700,2100,12300,11700
4738,2700,3600,12300,13200
4739,600,5700,10200,15300
4740,3600,2400,13200,12000
4741,5100,3000,14700,12600
4742,5700,2700,15300,12300
4743,3000,3300,12600,12900
4744,8700,3900,18300,13500
4745,9300,300,18900,9900
4746,300,6300,9900,15900
4747,7200,6000,16800,15600
4748,2400,900,12000,10500
4749,1200,3600,10800,13200
4750,5700,6900,15300,16500
4751,2400,9600,12000,19200
4752,3000,4800,12600,14400
4753,3600,7800,13200,17400
4754,5400,8700,15000,18300
4755,2400,8400,12000,18000
4756,7800,9600,17400,19200
4757,9300,9000,18900,18600
4758,7800,7200,17400,16800
4759,2400,3900,12000,13500
4760,4200,7500,13800,17100
4761,8400,2100,18000,11700
4762,2100,5100,11700,14700
4763,7500,600,17100,10200
4764,2400,3300,12000,12900
4765,5700,8700,15300,18300
4766,1500,7500,11100,17100
4767,4200,8100,13800,17700
4768,1800,9000,11400,18600
4769,4800,6000,14400,15600
4770,8100,300,17700,9900
4771,9300,7500,18900,17100
4772,1800,6900,11400,16500
4773,1200,2400,10800,12000
4774,900,300,10500,9900
4775,900,8400,10500,18000
4776,2400,6600,12000,16200
4777,0,8400,9600,18000
4778,7200,6000,16800,15600
4779,3300,1500,12900,11100
4780,9600,8100,19200,17700
4781,3300,1800,12900,11400
4782,8700,1500,18300,11100
4783,300,8700,9900,18300
4784,4200,5700,13800,15300
4785,3900,900,13500,10500
4786,0,600,9600,10200
4787,5700,9000,15300,18600
4788,900,0,10500,9600
4789,6300,1200,15900,10800
4790,4200,8100,13800,17700
4791,7800,1200,17400,10800
4792,7500,4500,17100,14100
4793,3300,5100,12900,14700
4794,3000,5700,12600,15300
4795,9300,7500,18900,17100
4796,9300,1800,18900,11400
4797,6300,7500,15900,17100
4798,4500,4800,14100,14400
4799,7800,300,17400,9900
4800,6000,6900,15600,16500
4801,9000,600,18600,10200
4802,4500,300,14100,9900
4803,3600,3600,13200,13200
4804,7500,1800,17100,11400
4805,8100,4800,17700,14400
4806,3600,900,13200,10500
4807,2400,2400,12000,12000
4808,2700,900,12300,10500
4809,1500,3300,11100,12900
4810,7500,7800,17100,17400
4811,900,5100,10500,14700
4812,1500,6300,11100,15900
4813,8400,2700,18000,12300
4814,8400,1200,18000,10800
4815,2700,1500,12300,11100
4816,300,5700,9900,15300
4817,1500,6000,11100,15600
4818,0,5400,9600,15000
4819,3300,2100,12900,11700
4820,6900,1800,16500,11400
4821,0,600,9600,10200
4822,8700,4200,18300,13800
4823,0,7500,9600,17100
4824,5100,2700,14700,12300
4825,2700,6000,12300,15600
4826,8400,3900,18000,13500
4827,600,2700,10200,12300
4828,3600,1800,13200,11400
4829,5400,4800,15000,14400
4830,2400,9600,12000,19200
4831,7200,6300,16800,15900
4832,8100,2400,17700,12000
4833,2700,2100,12300,11700
4834,9000,9000,18600,18600
4835,4800,8400,14400,18000
4836,8100,300,17700,9900
4837,5700,0,15300,9600
4838,8700,3600,18300,13200
4839,7200,8400,16800,18000
4840,900,7200,10500,16800
4841,3600,7800,13200,17400
4842,3900,7200,13500,16800
4843,5700,3000,15300,12600
4844,7500,900,17100,10500
4845,3900,900,13500,10500
4846,3000,5700,12600,15300
4847,4200,4200,13800,13800
4848,8700,5400,18300,15000
4849,9300,8100,18900,17700
4850,7500,300,17100,9900
4851,3900,2400,13500,12000
4852,3600,9300,13200,18900
4853,5100,300,14700,9900
4854,9600,1800,19200,11400
4855,1200,3900,10800,13500
4856,3300,9600,12900,19200
4857,8400,6000,18000,15600
4858,7800,1800,17400,11400
4859,9600,3600,19200,13200
4860,7500,5700,17100,15300
4861,7800,3600,17400,13200
4862,6000,7800,15600,17400
4863,2400,6300,12000,15900
4864,7800,6000,17400,15600
4865,3300,2100,12900,11700
4866,6000,8100,15600,17700
4867,3600,6000,13200,15600
4868,900,5400,10500,15000
4869,4800,8400,14400,18000
4870,8100,5400,17700,15000
4871,2700,2100,12300,11700
4872,4800,6300,14400,15900
4873,5700,6900,15300,16500
4874,1800,0,11400,9600
4875,900,8100,10500,17700
4876,6000,9000,15600,18600
4877,600,1200,10200,10800
4878,8400,8400,18000,18000
4879,600,6600,10200,16200
4880,5400,7500,15000,17100
4881,7800,900,17400,10500
4882,600,2400,10200,12000
4883,900,300,10500,9900
4884,2700,3000,12300,12600
4885,1200,3600,10800,13200
4886,4800,3300,14400,12900
4887,1500,6600,11100,16200
4888,6300,4500,15900,14100
4889,2400,5700,12000,15300
4890,5400,1800,15000,11400
4891,2100,1200,11700,10800
4892,8400,2100,18000,11700
4893,2400,1800,12000,11400
4894,2100,3600,11700,13200
4895,900,7500,10500,17100
4896,5100,9000,14700,18600
4897,0,6600,9600,16200
4898,6900,2100,16500,11700
4899,1500,2700,11100,12300
4900,8700,5700,18300,15300
4901,6900,5700,16500,15300
4902,8100,9300,17700,18900
4903,3600,5100,13200,14700
4904,1500,2700,11100,12300
4905,6900,3000,16500,12600
4906,3300,5100,12900,14700
4907,0,0,9600,9600
4908,8700,8700,18300,18300
4909,4200,9300,13800,18900
4910,4500,5700,14100,15300
4911,6000,1500,15600,11100
4912,7500,600,17100,10200
4913,9600,5700,19200,15300
4914,7200,6000,16800,15600
4915,7200,8700,16800,18300
4916,8700,8700,18300,18300
4917,300,300,9900,9900
4918,600,2700,10200,12300
4919,8100,6300,17700,15900
4920,9000,3900,18600,13500
4921,8700,8400,18300,18000
4922,6300,5100,15900,14700
4923,6300,6600,15900,16200
4924,8100,9000,17700,18600
4925,4800,3300,14400,12900
4926,6300,7500,15900,17100
4927,6000,2100,15600,11700
4928,2100,9000,11700,18600
4929,6900,8700,16500,18300
4930,4500,4800,14100,14400
4931,2400,3300,12000,12900
4932,8700,1200,18300,10800
4933,3900,4800,13500,14400
4934,3900,2100,13500,11700
4935,7200,300,16800,9900
4936,1800,300,11400,9900
4937,5100,6900,14700,16500
4938,600,4800,10200,14400
4939,9000,5100,18600,14700
4940,7200,3900,16800,13500
4941,4800,2700,14400,12300
4942,2100,3000,11700,12600
4943,4500,900,14100,10500
4944,3000,2700,12600,12300
4945,5700,4800,15300,14400
4946,5400,1200,15000,10800
4947,9600,7800,19200,17400
4948,9600,0,19200,9600
4949,4500,4500,14100,14100
4950,0,0,9600,9600
4951,6300,4200,15900,13800
4952,4200,5400,13800,15000
4953,3300,9000,12900,18600
4954,3300,1500,12900,11100
4955,9600,9600,19200,19200
4956,900,2400,10500,12000
4957,4800,6300,14400,15900
4958,3000,9000,12600,18600
4959,0,6600,9600,16200
4960,9600,4200,19200,13800
4961,3900,7800,13500,17400
4962,1800,5700,11400,15300
4963,8100,8700,17700,18300
4964,3300,7200,12900,16800
4965,7800,5100,17400,14700
4966,1800,6600,11400,16200
4967,6900,3300,16500,12900
4968,9300,300,18900,9900
4969,8100,7500,17700,17100
4970,7800,1800,17400,11400
4971,3900,4500,13500,14100
4972,2100,6900,11700,16500
4973,7200,5700,16800,15300
4974,900,8400,10500,18000
4975,7200,5100,16800,14700
4976,6900,2400,16500,12000
4977,8400,6600,18000,16200
4978,1200,4800,10800,14400
4979,7500,3000,17100,12600
4980,9000,1800,18600,11400
4981,3300,7200,12900,16800
4982,900,1200,10500,10800
4983,4500,1500,14100,11100
4984,4500,2400,14100,12000
4985,2400,1800,12000,11400
4986,7800,9600,17400,19200
4987,8100,6000,17700,15600
4988,8700,1500,18300,11100
4989,9000,5400,18600,15000
4990,9600,600,19200,10200
4991,4500,900,14100,10500
4992,3900,9000,13500,18600
4993,3300,3900,12900,13500
4994,6900,8100,16500,17700
4995,1800,3600,11400,13200
4996,6000,7500,15600,17100
4997,8400,2700,18000,12300
4998,3300,4800,12900,14400
4999,7800,5400,17400,15000
